{"type": "FeatureCollection", "features": [{"type": "Feature", "properties": {"source": "Tang & Werner 2023", "polygons": 42}, "geometry": {"type": "MultiPolygon", "coordinates": [[[[120.06049544015214, 15.681848450394728], [120.061015780452, 15.681781309767743], [120.06103991963525, 15.681747729701863], [120.06095408981591, 15.681680589920568], [120.06049007047676, 15.681577299868398], [120.06036669024105, 15.681445599635564], [120.06032913982463, 15.681228680254643], [120.06008238038966, 15.680993679903258], [120.06004214047172, 15.680859400032624], [120.06007432950412, 15.680774180173332], [120.06016283949722, 15.680696710118145], [120.05999922970773, 15.68047204012529], [120.05958616994526, 15.680193140004405], [120.05926162017595, 15.679831609720072], [120.05924016013007, 15.679686990298235], [120.05915433031073, 15.679521719679762], [120.05914360028783, 15.679333200033337], [120.05911141954677, 15.679266060213205], [120.05893171005901, 15.679155020013278], [120.05877078044333, 15.6791214501291], [120.05855351950274, 15.679010400245541], [120.05841136043136, 15.678974250402735], [120.05826920032358, 15.679062050325422], [120.05828798019564, 15.67934612029897], [120.05856424952569, 15.679612099821734], [120.05866884988932, 15.679630180084299], [120.0587895499512, 15.67959403013446], [120.05879223012501, 15.67979544997506], [120.05897999049833, 15.680045940337735], [120.05920798042543, 15.680138909649255], [120.05930454026768, 15.680221550066046], [120.0593528196706, 15.680448799789978], [120.05943059964079, 15.680523689752482], [120.05952178980768, 15.680766430401071], [120.05962639949902, 15.680849070252256], [120.05969345981048, 15.681096980241195], [120.05982757006907, 15.681391369769253], [120.05980611002323, 15.681608290132184], [120.0596746799384, 15.681905260397402], [120.05980074034788, 15.682240969640162], [120.05981147037083, 15.682388160276796], [120.05986512048551, 15.682468219930097], [120.06007432950412, 15.682571509608596], [120.06019770973981, 15.682522440314955], [120.0602701303988, 15.682375250397255], [120.06053298953209, 15.682158330052737], [120.06044983988656, 15.681951739767337], [120.06049544015214, 15.681848450394728]]], [[[120.05736529979211, 15.689985329834618], [120.05785881969852, 15.68955151019324], [120.05814850026168, 15.688869789854113], [120.0584596398343, 15.688637390303962], [120.05877078044333, 15.688616729975779], [120.05899071948487, 15.688549589617086], [120.05958616994526, 15.688151920308375], [120.0597256395151, 15.688043460367117], [120.059956309616, 15.687687100286205], [120.05991339988842, 15.687568320234625], [120.05955934955179, 15.68735657013107], [120.05932330977558, 15.687526999791478], [120.05927503037266, 15.687666440051881], [120.05926967002509, 15.687883359599677], [120.05908190965177, 15.687924670352448], [120.05880296014797, 15.687934999668704], [120.05872786035155, 15.687811050347438], [120.05851865029655, 15.6877697396171], [120.0583147995527, 15.687836879725486], [120.05807877014065, 15.68783687972549], [120.05783200034145, 15.68776456967591], [120.05764425033233, 15.687506340386367], [120.05764960964353, 15.687232620339113], [120.05756914949953, 15.68711382997146], [120.05723118953345, 15.687036360009339], [120.0569361403314, 15.687046690095118], [120.05650162985081, 15.68726876998179], [120.0560456499966, 15.687676770168798], [120.05590885956418, 15.68766902990162], [120.05563527040799, 15.687496010277865], [120.05550384965088, 15.687459859782539], [120.05533487018603, 15.687532169726802], [120.05521685029791, 15.687715509738512], [120.05544484022504, 15.688079610149908], [120.05550920999845, 15.688389490089099], [120.05469917980767, 15.689050550118694], [120.05425124980262, 15.689107359636717], [120.05409032018696, 15.6890996103692], [120.05380869050934, 15.689161589876111], [120.05299866031854, 15.689424979803437], [120.05267143037543, 15.689479210125182], [120.05240589003192, 15.689409490192585], [120.05216448990811, 15.68944047022884], [120.05201697048913, 15.68951278004432], [120.05185872001084, 15.689644469900507], [120.0517594799948, 15.689786499821542], [120.05173533977515, 15.689902700202692], [120.0517728901915, 15.69004730960398], [120.05167901985082, 15.690129940106456], [120.0515663603103, 15.690127359987105], [120.05144834974993, 15.690060219956955], [120.0511854895802, 15.690171260250361], [120.05028962957014, 15.690770340215183], [120.04996239962699, 15.69093560995814], [120.04986583978474, 15.691276459795235], [120.04996239962699, 15.691632809723101], [120.04996239962699, 15.692014990152128], [120.0499999500434, 15.692304199774444], [120.05044519987462, 15.692490120050424], [120.05062221986088, 15.692453970318773], [120.0505793101333, 15.69186004987976], [120.05072415041487, 15.691519190144065], [120.05090117040106, 15.691498540105574], [120.05115867022322, 15.69153468967207], [120.05138934032406, 15.691637979759896], [120.05163609975908, 15.691818739976569], [120.0517541196472, 15.691710279760763], [120.05190968995173, 15.69207695994859], [120.05195259967925, 15.692304199774451], [120.05189895992876, 15.692779330329781], [120.05193651034517, 15.693497189728708], [120.05177021001771, 15.693662450238707], [120.0517541196472, 15.69396199012647], [120.05180776043412, 15.69430800035738], [120.05181313010948, 15.694628199649573], [120.05197405972517, 15.694783129771594], [120.05210816998378, 15.695000039618751], [120.0523495701076, 15.694545569810055], [120.05236566047816, 15.694178890174205], [120.05226374028831, 15.692748340038003], [120.05253732011677, 15.69162248022423], [120.05270629958159, 15.691294540252379], [120.0529691597513, 15.69128679009043], [120.05327760982235, 15.691335859812947], [120.05354583033966, 15.691423650281644], [120.05397230029884, 15.691377169620763], [120.05413324027866, 15.691418490011063], [120.05426465999935, 15.691506279701033], [120.05448728957886, 15.691217070368706], [120.0546911403227, 15.690770340215183], [120.05462944968664, 15.69020224039942], [120.05473136987649, 15.690104120206113], [120.05480378949906, 15.690075709615998], [120.05507469019014, 15.690135110106096], [120.05509615023601, 15.69025647010929], [120.05531877048777, 15.69025647010929], [120.05619049027821, 15.690478550150017], [120.05635678956922, 15.690344269885792], [120.05669474953528, 15.690579249830451], [120.05683422014154, 15.690568930144497], [120.05691468961327, 15.69045014032243], [120.05736529979211, 15.689985329834618]]], [[[120.05573719992555, 15.712811299747795], [120.05638092978893, 15.712155479911571], [120.056469439782, 15.712026379852372], [120.05674839032223, 15.712049609868679], [120.05686641021035, 15.712134819699113], [120.05721778037314, 15.7122277699272], [120.05750209022456, 15.712387850294613], [120.05755036962746, 15.712449819624283], [120.05749672987696, 15.712927490152794], [120.05738944001179, 15.713074660094561], [120.0572794699728, 15.713152120183894], [120.05688249954443, 15.713309620040778], [120.05677520967927, 15.71338449981079], [120.05677788985307, 15.713552329611744], [120.05741626040525, 15.713547159846305], [120.05778641044013, 15.713614290338503], [120.05791783016079, 15.713436139672604], [120.05813240989117, 15.71301268976601], [120.05800635051806, 15.712697689805381], [120.0579875696096, 15.712571169807426], [120.05824237993014, 15.71258924966639], [120.05834966979532, 15.71248081039718], [120.05843549961462, 15.712271660189819], [120.0584542794867, 15.712028960242078], [120.05875735988245, 15.71172687020254], [120.05885661026264, 15.711489320265043], [120.0589692604754, 15.711574529866898], [120.0589746197866, 15.711721699668798], [120.05914092011403, 15.711760429865723], [120.05927770951006, 15.711626170094679], [120.05932330977558, 15.711349890143728], [120.0594386494899, 15.711138169638476], [120.05940378028372, 15.710991000247756], [120.05932330977558, 15.710846399947018], [120.05922406975954, 15.710830910375632], [120.05908995950091, 15.710879970044019], [120.05894512025574, 15.710864479656678], [120.05860448011586, 15.710673409947486], [120.05861789031262, 15.710394550073753], [120.05853741980447, 15.710144099818983], [120.05852400960772, 15.70974905032339], [120.05834698962154, 15.70947019005672], [120.05837381001498, 15.709328180113362], [120.05833625959858, 15.709186170266538], [120.05792588000992, 15.708667179604687], [120.05761206026351, 15.708742060150854], [120.0572258198581, 15.708749810146548], [120.05694151000671, 15.708876330270284], [120.05661696023739, 15.708765300377078], [120.05635411043184, 15.708633619624987], [120.05616635005856, 15.70863361962499], [120.05604296982284, 15.708685259939205], [120.05559771999158, 15.709129360172401], [120.05533217964809, 15.709258469829765], [120.05515515966185, 15.70967158986915], [120.05514442963894, 15.709909129604593], [120.0550585998196, 15.710110529840232], [120.05496472015119, 15.710260290367206], [120.05480378949906, 15.710415210114057], [120.05453288984438, 15.710373899797304], [120.05436391037959, 15.710203479980953], [120.05365312020481, 15.70990655005457], [120.05351364959861, 15.709903969691103], [120.05311668020664, 15.71017766004133], [120.05311400003286, 15.710539150061695], [120.05316228047222, 15.71069147988036], [120.05319178000303, 15.711019399851649], [120.05317031995716, 15.711272429909311], [120.05306839976734, 15.711435099688712], [120.05292891983335, 15.711569360150412], [120.05287796025662, 15.711850800353139], [120.05301476001685, 15.711905020223892], [120.05331784041255, 15.711938589677564], [120.05354315016586, 15.711732030161073], [120.05371212963067, 15.711690720397355], [120.05384623988932, 15.711553869711931], [120.05422443044556, 15.711499649932339], [120.0543826798875, 15.711579689821672], [120.05450069977562, 15.711460919783768], [120.05451142979852, 15.711334399721528], [120.05465357954213, 15.711182059672142], [120.05486816030894, 15.711040050191922], [120.05514710981274, 15.71091095000871], [120.05523026049468, 15.711076199884502], [120.05521147958618, 15.711192390137729], [120.05507737036395, 15.711450590118393], [120.0550585998196, 15.711853379927168], [120.0548976702039, 15.71211674964139], [120.0549083898627, 15.712310389675238], [120.05459458048045, 15.712483389978994], [120.05441755013005, 15.712640890145064], [120.0543102602649, 15.712689950238609], [120.05408764001314, 15.712700270203378], [120.05387842995812, 15.712772570169484], [120.05377382026673, 15.712963640172054], [120.05374968004708, 15.713092730235186], [120.05381136964671, 15.713134050038134], [120.0539883999971, 15.713131459872862], [120.0543102602649, 15.712821630293963], [120.0545167901461, 15.712842279998933], [120.05491643971182, 15.7130023697858], [120.05487621015806, 15.713097899989396], [120.0549727700003, 15.71322183014004], [120.05506664966877, 15.713436139672604], [120.0552517195041, 15.713379330049492], [120.05541265015623, 15.713128880283056], [120.05522758032087, 15.712948139868233], [120.05573719992555, 15.712811299747795]]], [[[120.05852400960772, 15.678277000093042], [120.0585454696536, 15.677615900081044], [120.05841136043136, 15.677685620151184], [120.05835234996914, 15.67777343010701], [120.0579473400558, 15.677804419807616], [120.0578266399939, 15.677892220052973], [120.05775689950869, 15.678034250131018], [120.05738944001179, 15.678277000093045], [120.0571185403571, 15.678571389721695], [120.05690931993793, 15.678736670163516], [120.05698979044607, 15.679000069743086], [120.0572070503502, 15.679273809929915], [120.05739480035938, 15.679410680157586], [120.05740553038231, 15.679524299668326], [120.05724325964329, 15.680062729826801], [120.05700052046897, 15.680544350094934], [120.05697504016243, 15.680731570256713], [120.0570192899769, 15.680908459989306], [120.05722313968431, 15.68086456004277], [120.05732507023835, 15.680774180173335], [120.05742699042816, 15.680492699649287], [120.05746453980812, 15.680239619807494], [120.05756377982419, 15.680048530093167], [120.05769252973525, 15.679563040168917], [120.05765765949263, 15.679149850284922], [120.05772739997786, 15.679000069743083], [120.05784005019062, 15.678868370318552], [120.05823969975633, 15.678808969773318], [120.05834161994618, 15.678679849633834], [120.05852400960772, 15.678277000093042]]], [[[120.0537282200012, 15.723159600329335], [120.05392671039746, 15.72333516981453], [120.05411446040661, 15.723567539624522], [120.05425394034057, 15.7238205596706], [120.0544846104415, 15.724027100233307], [120.05545557024794, 15.723903170176394], [120.0564748001296, 15.723619169802221], [120.05705952989483, 15.723598519844808], [120.05730629036624, 15.7234849203027], [120.05756377982419, 15.72327836970065], [120.05766571037817, 15.723082150356909], [120.05769789008285, 15.722756839960223], [120.05748331968023, 15.72254512009047], [120.05696297005257, 15.722374719626751], [120.05611539048184, 15.722421190100059], [120.05560040016537, 15.722374719626751], [120.05466163042769, 15.722095879920051], [120.05389452032864, 15.722059729946588], [120.05368531027362, 15.721940970217561], [120.05337954037638, 15.721631150343969], [120.05310058983613, 15.721564019714592], [120.05277872024058, 15.721347140044998], [120.05253195976918, 15.72127485012599], [120.05230665001588, 15.72127485012599], [120.05187749988292, 15.72120256023202], [120.05168438019842, 15.721212879804032], [120.0515288098939, 15.72130583000595], [120.05134642023233, 15.721543360198183], [120.05080461988658, 15.722018419766503], [120.05070269036901, 15.72217850031907], [120.05070806004436, 15.722333410197855], [120.05114794020025, 15.722338580180876], [120.05136788027819, 15.722271450137486], [120.0517058402443, 15.72222496993516], [120.05194186965635, 15.722245630332553], [120.05215107971136, 15.72232307999454], [120.0530254796756, 15.722896259801757], [120.05335270961874, 15.722942730391196], [120.0537282200012, 15.723159600329335]]], [[[120.05677520967927, 15.717092170055691], [120.05682885979397, 15.71667389966146], [120.0569307799838, 15.716539639985431], [120.05711584981916, 15.716467350104134], [120.0574377204511, 15.716234970300556], [120.05767911953849, 15.716157519643229], [120.05766838951558, 15.7157547296677], [120.05752087009661, 15.715530100091017], [120.0574913602016, 15.715292559656861], [120.05728751049416, 15.715160890245947], [120.05727410029746, 15.71503694999603], [120.05739747949673, 15.714383719859173], [120.05737334031348, 15.714128099921835], [120.05732507023835, 15.714086789684176], [120.05715340023553, 15.714215890203551], [120.05707830043917, 15.714236549808373], [120.0569307799838, 15.714195229787277], [120.05657940982098, 15.714440519993524], [120.05658745967013, 15.714515400169036], [120.056818129771, 15.714861380168145], [120.05715608973708, 15.715119570041956], [120.05696297005257, 15.7152796599476], [120.05667864983702, 15.716136859848357], [120.0565230795325, 15.716188500390814], [120.0560349199737, 15.71624014013254], [120.05582570991868, 15.716312429935186], [120.05585253031215, 15.716400220321756], [120.05622268034699, 15.716715209597442], [120.05614220983885, 15.716957910110699], [120.05571842005347, 15.71720577994848], [120.05571842005347, 15.717303890089461], [120.05583107026624, 15.717319380140982], [120.056083200413, 15.7174329901574], [120.05606174036716, 15.717500120271854], [120.05589007969212, 15.717696340063025], [120.05576670049281, 15.717964860175538], [120.05586863001041, 15.718393459910372], [120.05615830020942, 15.718047479753032], [120.05645870975907, 15.717861589613852], [120.05666256050291, 15.717634379751992], [120.05678861987599, 15.71729872999325], [120.05677520967927, 15.717092170055691]]], [[[120.05635678956922, 15.720412499869308], [120.05630046031719, 15.720131079853523], [120.05642653005445, 15.719989069981601], [120.05658745967013, 15.720025219596463], [120.05696565022636, 15.719983909819032], [120.05698711027227, 15.719909030122768], [120.05692809981001, 15.719754119602674], [120.05678058039103, 15.719658589607699], [120.05642116037907, 15.71963018964233], [120.05629509996959, 15.719586300273464], [120.05625754955321, 15.719410729874006], [120.05619049027821, 15.719302290316152], [120.05621195032408, 15.7191912703364], [120.05637556011355, 15.719183519953189], [120.05641043035614, 15.719085409742416], [120.05631119034012, 15.718940820106695], [120.05649626017548, 15.718752339750585], [120.05663574010947, 15.718742020300205], [120.05664915030619, 15.718641320063298], [120.05627900027132, 15.718421859707508], [120.05616366988474, 15.718421859707501], [120.05606711004249, 15.718432189717744], [120.0559598201773, 15.718491569795965], [120.05587934966917, 15.718651650084393], [120.05571037953207, 15.718698119728858], [120.05532414016312, 15.718452839977576], [120.05518466022912, 15.718455430208852], [120.05512296959307, 15.718517389950039], [120.05551725984762, 15.718726530143142], [120.05566210012918, 15.718930499833501], [120.05566746047674, 15.719057009855012], [120.05559503981777, 15.719276470064996], [120.0554904301264, 15.720079439962875], [120.05553335021814, 15.720593229661796], [120.05534828038277, 15.72088497961876], [120.05536436971688, 15.720985680124501], [120.05557089959811, 15.72116125022158], [120.05551725984762, 15.721473649904103], [120.05550652982467, 15.721793799720494], [120.05553603039192, 15.721881589971634], [120.05560308966692, 15.72195130040195], [120.05578815950227, 15.721964210285808], [120.05588204020717, 15.721873840302054], [120.05612879964215, 15.721416850296826], [120.05617976025526, 15.721176739745804], [120.05614220983885, 15.721063130132494], [120.0561529398618, 15.720967600351965], [120.05630314049098, 15.720975349987905], [120.05642921022825, 15.720835929802426], [120.05641580003149, 15.720763640060467], [120.0563299702122, 15.720712000013329], [120.05630582999252, 15.7206422899969], [120.05635678956922, 15.720412499869308]]], [[[120.05470722965681, 15.719196429665871], [120.05465090040478, 15.719147369670582], [120.05446047022184, 15.719118969774751], [120.05442828015302, 15.718757509644904], [120.05435050018282, 15.718654229742436], [120.05423248029473, 15.719013119793152], [120.05413054974072, 15.719108650306254], [120.05412385034262, 15.719556610076555], [120.05416676007023, 15.719743790340546], [120.05395620992827, 15.719958090297075], [120.05431294043872, 15.719934849638662], [120.05440145975955, 15.719872890290292], [120.05459458048045, 15.719599210011056], [120.05460798964077, 15.71949851017417], [120.05470722965681, 15.71934102029213], [120.05470722965681, 15.719196429665871]]], [[[120.0531300904034, 15.716296939958367], [120.05315690976042, 15.716599030100998], [120.0532186003965, 15.71662742965403], [120.05344391014981, 15.716570619976222], [120.05356461021174, 15.716601609733683], [120.05375772989622, 15.716712629963357], [120.0538676999352, 15.716859800132319], [120.05388915998103, 15.717711830143662], [120.05396425977744, 15.717794460196677], [120.05410105020987, 15.717848679983716], [120.05438536006126, 15.717869330185835], [120.05456239041162, 15.717595650092628], [120.05465627008009, 15.717337459597552], [120.05463749020804, 15.717092170055688], [120.05457847974576, 15.71685721968292], [120.0546053105034, 15.716539639985436], [120.05435050018282, 15.716025839924821], [120.05414127976363, 15.715876080144376], [120.05401789952795, 15.715855430139397], [120.05366385022778, 15.715677270239961], [120.05327492964858, 15.716085220132161], [120.0531300904034, 15.716296939958367]]], [[[120.05411713954396, 15.675707479663613], [120.05440682010715, 15.675568030290584], [120.05458385045755, 15.67556543977724], [120.05471259000441, 15.675524120077128], [120.05479573964992, 15.675423409747381], [120.0548011103617, 15.674659000387289], [120.05471795967976, 15.674380099877325], [120.05465357954213, 15.674338779597779], [120.05417346983245, 15.67433360998837], [120.05380869050934, 15.67455054011818], [120.05372285965362, 15.674733889905268], [120.05356996952288, 15.674865599742414], [120.05345195999892, 15.674793290107607], [120.05328565967149, 15.674537629908622], [120.05302012036445, 15.674356849644838], [120.05268753007368, 15.674333609988373], [120.05218863012777, 15.674457570035019], [120.05192846049606, 15.674617680052707], [120.05184798998789, 15.674713230136236], [120.05180240008652, 15.674958570006746], [120.05173801994891, 15.675116099659926], [120.05164682978199, 15.675219400350878], [120.0517058402443, 15.675356270367821], [120.05187749988292, 15.675513789746711], [120.0524568599728, 15.675513789746715], [120.05251854957244, 15.675617089820516], [120.05288332993197, 15.67555511025813], [120.0536182499622, 15.675578359810338], [120.05374163019792, 15.67569973007893], [120.05394279973157, 15.675725560402306], [120.05411713954396, 15.675707479663613]]], [[[120.05410373038364, 15.69410917030173], [120.05409300036074, 15.693992970023658], [120.05388379030575, 15.693907760269166], [120.05380331979758, 15.693796719618739], [120.0538676999352, 15.693657289912885], [120.05382477984345, 15.693605640296829], [120.05337954037638, 15.693574649882587], [120.05322665024565, 15.693768319914838], [120.05313814025254, 15.694129830359062], [120.05318104998013, 15.694258939698509], [120.05354046999206, 15.69448875962827], [120.05369604029653, 15.694496509908879], [120.05381674035846, 15.69448101016136], [120.05394279973157, 15.694400959738607], [120.05404741045938, 15.694264109800235], [120.05410373038364, 15.69410917030173]]], [[[120.04794538021766, 15.719632770125987], [120.04788101044421, 15.71989096020574], [120.0478380903525, 15.720376350187381], [120.04789174046716, 15.720515779828167], [120.0481116795087, 15.720748149753387], [120.04827797050842, 15.721212879804028], [120.0484335397765, 15.721357470199997], [120.04858911008101, 15.721434920345954], [120.04876076971962, 15.721440090306729], [120.04888414995534, 15.721326479736536], [120.0490236298893, 15.721001169635691], [120.04938303953709, 15.720815270358079], [120.04952787981867, 15.720681020221503], [120.04962443966093, 15.720464139842356], [120.04962443966093, 15.720211110035233], [120.04936695020298, 15.71979800982033], [120.04929185040665, 15.719322939848542], [120.04951179048456, 15.719405559963493], [120.04970491016907, 15.719596619765571], [120.04993558026995, 15.719529500366246], [120.05004287013513, 15.719390069757205], [120.0499999500434, 15.719152540388194], [120.04989802985357, 15.718863370072626], [120.05011796993152, 15.71881688981566], [120.05059004015621, 15.7188220597116], [120.05098163987279, 15.718651650084393], [120.0511747595573, 15.718212730395301], [120.05121230997368, 15.717928719866116], [120.05145371009749, 15.717820269688898], [120.05148053049102, 15.717402000276545], [120.05154490026443, 15.717231599943553], [120.05181849045702, 15.717092170055691], [120.05210816998378, 15.71700955004274], [120.05243003025161, 15.716617099733085], [120.05252659009386, 15.716400220321756], [120.05256414051021, 15.716049070386015], [120.05249441038919, 15.715925140184472], [120.05230128966828, 15.715806370115677], [120.0522261898719, 15.715677270239965], [120.052424669904, 15.715491370008468], [120.05272508049009, 15.715413919626965], [120.05288601010577, 15.715052439879361], [120.0531113094949, 15.714246869849573], [120.0529450195316, 15.714040320252497], [120.05276799021767, 15.713957690058102], [120.0526017002544, 15.714164250148928], [120.05209743996087, 15.714200400382262], [120.05209743996087, 15.714716790203612], [120.05196332970222, 15.71495432998278], [120.05163609975908, 15.714944000144602], [120.0511908499278, 15.714783920258308], [120.05013406030203, 15.714820069785429], [120.04981220003425, 15.715253840193915], [120.04950106046164, 15.715837349997656], [120.04931331045249, 15.71629693995836], [120.04861593047448, 15.716978569986832], [120.04876614043138, 15.718181740398698], [120.04876614043138, 15.718465749645064], [120.04862666049739, 15.718796240333331], [120.04861860961185, 15.71888402037511], [120.04831283971461, 15.719449459870109], [120.04804730040749, 15.719457199687435], [120.04794538021766, 15.719632770125987]]], [[[120.04807413012871, 15.686496660099488], [120.04814922992512, 15.68666708987277], [120.04828869949492, 15.686680009777822], [120.04851401028463, 15.686597370063998], [120.04875541040848, 15.686571549786278], [120.04899680949586, 15.686463089850953], [120.04922210992142, 15.686442429737525], [120.04937231987833, 15.686509570233332], [120.04974781989662, 15.686576709937295], [120.04987121049652, 15.686535400264088], [120.05003750045978, 15.686416610292317], [120.05009650988565, 15.686297820387999], [120.0500750498398, 15.686148050184462], [120.05000531971875, 15.686024100295107], [120.04981756038185, 15.685874319713461], [120.04951714979576, 15.685538620095924], [120.04958152993335, 15.685280390300258], [120.049715640192, 15.685125450135661], [120.05000531971875, 15.684340420267649], [120.05021452977377, 15.68412350032619], [120.0505846704809, 15.684077019660503], [120.05076706014245, 15.683751649596092], [120.05070269036901, 15.683436600184603], [120.05061685951328, 15.683178359968974], [120.05054712006448, 15.683069900165753], [120.0501126095839, 15.682987270011504], [120.04962443966093, 15.682806500344464], [120.0495225205075, 15.682656730199756], [120.04953324949403, 15.682434639753998], [120.05015016000034, 15.681556640237348], [120.0501930697279, 15.681334559906086], [120.05012333027912, 15.681107310033777], [120.0501608796591, 15.680900719972492], [120.05033254966189, 15.680642479632507], [120.05052567038277, 15.680492699649283], [120.05070806004436, 15.680296439947226], [120.05074561046074, 15.680162149950172], [120.050949449804, 15.680022700049715], [120.05165755980495, 15.679402929622443], [120.05179703041117, 15.679408089596684], [120.05207061956743, 15.679712820300242], [120.05227982962242, 15.679754130253395], [120.05247295034332, 15.679728310006649], [120.0525480501397, 15.679552709639186], [120.05248903967743, 15.679129190080111], [120.05259097023144, 15.678793480134944], [120.05246757963155, 15.678654030332966], [120.05227982962242, 15.678648870377318], [120.05227447031126, 15.678209859798322], [120.05212963002965, 15.678018759736595], [120.05193113963341, 15.677946449826074], [120.05145907044509, 15.677972269853012], [120.05144298007458, 15.677832819784754], [120.05129545961923, 15.67740929963861], [120.0515690404841, 15.677029690055939], [120.05155831978891, 15.676877319688154], [120.05138129047495, 15.676637160249017], [120.05131423016353, 15.676329850006699], [120.05141079000578, 15.676159409944079], [120.05167097000168, 15.675883080059034], [120.05170316007047, 15.675413080235273], [120.05164950995581, 15.675330440090011], [120.05144566024839, 15.675188410219572], [120.05128472959628, 15.675188410219572], [120.05113184050198, 15.67523746966056], [120.05033254966189, 15.67535109991992], [120.05018233970493, 15.675493139660896], [120.0498390204277, 15.67598897002024], [120.04950911031075, 15.676267870233293], [120.04837185017685, 15.676298859711027], [120.04849255023876, 15.676048360005103], [120.04850596043549, 15.67585726028976], [120.04887878960774, 15.67563000985679], [120.049018260214, 15.675462150302419], [120.04899411999432, 15.67516257996247], [120.04902094971554, 15.674733889905268], [120.04895121026676, 15.674609940268505], [120.04828602035751, 15.673840360214227], [120.04821091952475, 15.673716399719613], [120.04797219957473, 15.67349688972631], [120.04787295955866, 15.673292879766816], [120.04784614020164, 15.672848689698792], [120.04778712973938, 15.672670499743923], [120.04770934976918, 15.672613680047153], [120.04744648959951, 15.672585279964608], [120.04703611001084, 15.672590439770834], [120.0465908601796, 15.67268082993407], [120.04648357964217, 15.672766049752262], [120.04644065955044, 15.673034630104397], [120.04644871043598, 15.673308369811572], [120.04591227043781, 15.673277379963121], [120.0458264395821, 15.673323869617558], [120.04562258987465, 15.673556290391083], [120.04534364037086, 15.673979810063312], [120.04495739996544, 15.674759720109483], [120.04499495038183, 15.67488884027127], [120.0452095301122, 15.67516775040569], [120.04531681997739, 15.675369179814505], [120.0455957705176, 15.67569973007893], [120.04539191977375, 15.676009620154948], [120.04539191977375, 15.676154240289714], [120.04594445014243, 15.676520950153407], [120.04638433029835, 15.676608749860495], [120.04674375031028, 15.676743040018046], [120.04691540994892, 15.676743040018048], [120.04703342983704, 15.676670729734807], [120.0472587302626, 15.676805019932123], [120.04740356950772, 15.677052930011644], [120.0474572196224, 15.677440290098646], [120.0473606597802, 15.677621060011258], [120.0471460800498, 15.67790512965603], [120.04686712950961, 15.678158209928721], [120.0465667199599, 15.678338979647922], [120.04638969997372, 15.67858172020301], [120.04635214955728, 15.679273809929915], [120.04646479977009, 15.67983676970489], [120.04620731031214, 15.680125999908428], [120.04607320005348, 15.680353250341994], [120.04559039980586, 15.680487529887897], [120.0452095301122, 15.680745770036692], [120.04532753963618, 15.68096268973048], [120.04559039980586, 15.681251919863186], [120.04583179992967, 15.681365540373468], [120.04605710968298, 15.681530819768236], [120.04614829984989, 15.681876850107207], [120.04609466009936, 15.682982100188479], [120.04579424951326, 15.683255830129424], [120.04552066035706, 15.683276489928222], [120.0452846299086, 15.68310088983718], [120.04511832958116, 15.68310088983718], [120.04502176973891, 15.683142210219613], [120.04506468983062, 15.683555390091303], [120.04480182966094, 15.683916920301447], [120.04478574032683, 15.684195809930763], [120.04452824983247, 15.684763920277616], [120.04419028986638, 15.685037650109303], [120.04351973960961, 15.685683229734115], [120.04310667984713, 15.686215189772412], [120.04295646989024, 15.686514740143494], [120.0427472598352, 15.687175809703438], [120.0426989804323, 15.687697430404127], [120.04258095950776, 15.688312019654559], [120.04252195008192, 15.688451459624837], [120.04258633021949, 15.688611560013673], [120.04267752038642, 15.688709690081044], [120.04300475032954, 15.688740679774442], [120.04312812952884, 15.688807820194453], [120.04371284996633, 15.688988580405487], [120.04381477948394, 15.689091870049374], [120.04400252949308, 15.68910220023667], [120.044404860269, 15.689220980345805], [120.04452288015715, 15.689189989767854], [120.044791099638, 15.689071209676312], [120.04500568040477, 15.688921439927453], [120.04533291034791, 15.688616729975779], [120.04556893975999, 15.688286190217845], [120.04563868024518, 15.688053789689244], [120.04563868024518, 15.687774899797658], [120.0454241005148, 15.687702600343657], [120.04523097979393, 15.687537329901495], [120.04517734004338, 15.687428870278879], [120.0454455595243, 15.687180969869347], [120.04599810025711, 15.68691758032722], [120.04623412966919, 15.686716160138399], [120.04660964005166, 15.686256509956463], [120.04681348975907, 15.686127390102119], [120.04817068997096, 15.6860241002951], [120.04819213965267, 15.686104149952115], [120.04817068997096, 15.68631072969617], [120.04807413012871, 15.686496660099488]]], [[[120.05144834974993, 15.721076039961408], [120.051051380358, 15.72069393002679], [120.05065709010347, 15.72080235973177], [120.05053370986778, 15.720722330136889], [120.05042373982879, 15.72071457969683], [120.05028962957014, 15.72078171005304], [120.05013406030203, 15.721070879771958], [120.05010455973476, 15.721706020082141], [120.05012869995446, 15.721884169669599], [120.05026816952426, 15.72202101004203], [120.05065709010347, 15.722015840066883], [120.05082339043093, 15.721940970217558], [120.0511935404658, 15.721638890242211], [120.05148053049102, 15.72119480977413], [120.05144834974993, 15.721076039961408]]], [[[120.04728019030846, 15.687891099874777], [120.0471460800498, 15.688035710325629], [120.04710852963342, 15.688146750357747], [120.0471809502924, 15.688270699877929], [120.04747867966832, 15.688485030192435], [120.04773617016265, 15.68857024993865], [120.04778980991316, 15.688428220030028], [120.04778177042817, 15.68825004039936], [120.0478380903525, 15.687991809697165], [120.04781931980817, 15.687604469935302], [120.04771739029059, 15.687449529676355], [120.0477281203135, 15.687328159914111], [120.04751086040935, 15.68712932998644], [120.04728287048225, 15.687054440099981], [120.04715412989894, 15.686791040143062], [120.04695028019154, 15.686589620076067], [120.04681885010667, 15.686576709937299], [120.04660964005166, 15.686847859621578], [120.04595249999159, 15.687100919800342], [120.04575938030708, 15.687253279717206], [120.04570036984481, 15.68737206040331], [120.04569768967104, 15.687501180212427], [120.04573255991363, 15.687591559733896], [120.04582106990676, 15.687648369669077], [120.04612951997781, 15.687467609802708], [120.04620999048596, 15.687496010277867], [120.04614829984989, 15.68764579039374], [120.0461804899187, 15.687782649829497], [120.04657208963525, 15.687831709782643], [120.04672765993978, 15.687940169614109], [120.04728019030846, 15.687891099874777]]], [[[120.04231810970224, 15.790178460085894], [120.0423368802466, 15.789873899947299], [120.0425541401507, 15.78962096971052], [120.04250317953756, 15.789429970167594], [120.04228054995811, 15.789040239783741], [120.0424522199609, 15.788575660266083], [120.04262655977328, 15.788524040022123], [120.04293770038234, 15.788534359675424], [120.04301548035248, 15.78846209037527], [120.04303961953573, 15.788356270248839], [120.04293232967055, 15.788188499797227], [120.04266679036348, 15.788154949792093], [120.04226713976135, 15.788196250307342], [120.04200697012962, 15.788302070352287], [120.04177630002873, 15.78846209037527], [120.04132568984988, 15.78857823997656], [120.04110306959814, 15.788671150264378], [120.04106820039193, 15.788862149923563], [120.04110038009658, 15.789099600120483], [120.04117547989298, 15.78930608011767], [120.04117011954538, 15.789564179995818], [120.0409930902314, 15.790183620360462], [120.04092604028415, 15.790253309714297], [120.04078120000258, 15.790206850142495], [120.04073559973706, 15.790057150132291], [120.04071951040295, 15.789076369648466], [120.04064440957016, 15.789017010132154], [120.04054248005257, 15.788859570209569], [120.04053175002963, 15.788650510130893], [120.04060149051483, 15.788575660266087], [120.04057735029518, 15.788420800386438], [120.04050225049879, 15.788309810287394], [120.03971905002918, 15.788242710243374], [120.03966808008832, 15.788686639927858], [120.03974854956006, 15.788900860285592], [120.04002750010028, 15.789153800225062], [120.04007310036582, 15.78979904964179], [120.03987997964488, 15.790292020335535], [120.0399202102351, 15.79041591015955], [120.04011869026718, 15.790495920155829], [120.0402367101553, 15.790839190301824], [120.04024415999028, 15.791156278001507], [120.04017769969302, 15.790702399913105], [120.04013210979166, 15.790573349633862], [120.03999799020526, 15.790550119810868], [120.0392603900012, 15.790983729767134], [120.03872126050152, 15.791156660333161], [120.03858983974443, 15.791296029951411], [120.0385576496756, 15.791507669997541], [120.038595200092, 15.791750280276272], [120.03867566956374, 15.791972239795438], [120.03901362020208, 15.792276799754948], [120.0392496599783, 15.792165819803024], [120.03942937050248, 15.791959340218886], [120.03989338984162, 15.791809639759723], [120.0403091297779, 15.791585099852645], [120.04035741021721, 15.7914999299433], [120.04031809242595, 15.791367424587083], [120.04040301048273, 15.791468950198018], [120.04055857975082, 15.791515410052066], [120.04140627364914, 15.791525739654782], [120.04058003046897, 15.791794159629022], [120.03989338984162, 15.792119359803504], [120.039582250269, 15.792377459921449], [120.03913700976551, 15.792950429771473], [120.03836452999116, 15.793657609605598], [120.03824114975544, 15.79374019981118], [120.03739892949581, 15.794122180142647], [120.03683030979302, 15.794111860211762], [120.03653525955451, 15.793827960180426], [120.036315320513, 15.793698910400947], [120.03620267030023, 15.793523400388091], [120.03625631005072, 15.793285959783471], [120.03624021968021, 15.792878159748973], [120.03615975020847, 15.792687170232341], [120.03567696032502, 15.792511670026188], [120.03570377968204, 15.792181299961403], [120.03555894043687, 15.79185609968997], [120.03539800978477, 15.79168575968399], [120.03508687021218, 15.791665110299213], [120.03468989978381, 15.791453470092698], [120.03459870961692, 15.791329579649956], [120.0350976002351, 15.791169559859881], [120.03539264010944, 15.790978570286478], [120.0353443596701, 15.790797899840596], [120.03517806970682, 15.790663690029218], [120.03490983986178, 15.790529480304524], [120.0346577200792, 15.790503669938232], [120.03444314034884, 15.790390099807361], [120.03300011031763, 15.790343640204938], [120.03272653048917, 15.79021976018958], [120.03237784050017, 15.790405589598993], [120.03191650029838, 15.790467530059734], [120.03172873992506, 15.790586259703714], [120.03153562956831, 15.790828869720249], [120.03147662014247, 15.791112780301276], [120.03157317998472, 15.791370879982455], [120.03100991026533, 15.79184060979019], [120.03085970963618, 15.79209871037562], [120.03072022970218, 15.793027860164338], [120.03058076013235, 15.79352340038809], [120.03057003010944, 15.793709230311299], [120.03066122960409, 15.79394668035168], [120.03102600996364, 15.794153149704101], [120.03118693957931, 15.794333819812902], [120.03106356038002, 15.794819039931037], [120.03087043965911, 15.795015190174839], [120.0306451299058, 15.795154559940505], [120.03034472035614, 15.795402330000053], [120.02973855023693, 15.795381680245807], [120.02925574998929, 15.795490079678162], [120.02888023960685, 15.795443619748909], [120.02867102955179, 15.795681070144445], [120.02940059027085, 15.796104339856505], [120.02994776029199, 15.796290159881623], [120.03059685050292, 15.796331460386632], [120.03132641018554, 15.796434699884736], [120.03192455014752, 15.796223059701319], [120.03265142032863, 15.796380500321874], [120.0332978396935, 15.796349529614485], [120.03629923014248, 15.796416629835653], [120.03693222998288, 15.79634177961399], [120.03759205021674, 15.796341779613993], [120.04021525010943, 15.796445019931028], [120.04146516045611, 15.796439860314724], [120.04154562992782, 15.795505560084292], [120.04155635995079, 15.794772580151884], [120.04150807951147, 15.794008620240671], [120.04136859957744, 15.793605989726522], [120.04121303963711, 15.793538889599553], [120.04172266027823, 15.792909139704419], [120.04169047020939, 15.792831710169597], [120.04169582952059, 15.792547799680817], [120.04212499001774, 15.79184060979019], [120.04199624010671, 15.791665110299213], [120.04175790469363, 15.791556476475037], [120.04203916019841, 15.791585099852645], [120.04250585971138, 15.791337319697844], [120.04272847996315, 15.791182469966786], [120.04254341012779, 15.790769509703242], [120.0424683103314, 15.790521729707358], [120.04254341012779, 15.790441719701146], [120.04254341012779, 15.790307510119844], [120.04231810970224, 15.790178460085894]]], [[[120.02941132029382, 15.789282849622575], [120.02972244950229, 15.7894402996314], [120.03140152034608, 15.789360280276123], [120.03184943998697, 15.78944288016639], [120.03198355024563, 15.789479010101134], [120.03216593990716, 15.789597739994004], [120.03245562047032, 15.789860999687232], [120.03267288037448, 15.78990488026854], [120.03283649949172, 15.79007780017105], [120.03293841968157, 15.790134580260608], [120.03303230038647, 15.790119100254719], [120.03333539010991, 15.789928100253857], [120.03352314011906, 15.789876479673891], [120.03375381021993, 15.789659680213939], [120.03378868046255, 15.789570639882053], [120.03413603036466, 15.789654519952363], [120.03463626003335, 15.78966999992364], [120.03475293983455, 15.789703559938916], [120.03478913979987, 15.789751310074518], [120.03489241044078, 15.789941010283629], [120.03495141986663, 15.790141040164574], [120.03521830029702, 15.790222339920456], [120.03533632018514, 15.790322999905309], [120.03550797982375, 15.790152649763208], [120.03558307962012, 15.790036509861142], [120.0356099000136, 15.789910039722521], [120.03572255022634, 15.78985584023447], [120.0360149099269, 15.789623550247777], [120.03613829949035, 15.789089279625312], [120.03602833048781, 15.788854409967882], [120.03587008000947, 15.788738260212222], [120.03551602034514, 15.788676320266982], [120.035255849677, 15.788431120034613], [120.03528535024425, 15.78816268972173], [120.03542751035204, 15.788010409853268], [120.03536849988976, 15.787767799872531], [120.03527998989668, 15.787682620134955], [120.03517001985767, 15.787682620134952], [120.03484278991455, 15.787809089731613], [120.03450214977467, 15.788095589725215], [120.0343626698407, 15.788291740131275], [120.0338369598655, 15.78870213040628], [120.03371893997735, 15.788516290313552], [120.03343463012598, 15.788340779796197], [120.03328978984436, 15.78828915961057], [120.03281236030848, 15.788242710243374], [120.03274798017088, 15.788056869747768], [120.03275334984622, 15.78689025030147], [120.03265679000397, 15.786745709614749], [120.0323563804543, 15.786686340185053], [120.03206401971734, 15.786717320031046], [120.03186553968528, 15.786805070109823], [120.03173143046303, 15.786748290116291], [120.03155171993885, 15.786748290116291], [120.03139614963432, 15.786699250013406], [120.03112793015349, 15.786539229720344], [120.03088653002962, 15.786167560079901], [120.0308382495903, 15.785976559642274], [120.0305244298439, 15.785723609735923], [120.03051639035894, 15.785478409732411], [120.03056466976184, 15.785248700239206], [120.03053247969305, 15.785101580213055], [120.02999603969488, 15.784590530026183], [120.02972512967604, 15.78452084013008], [120.02959639012914, 15.784531170163659], [120.0292906202319, 15.784636989969911], [120.0291538204717, 15.7849699496775], [120.02902239971462, 15.785137719972079], [120.02889096962976, 15.785424209772671], [120.02869784994526, 15.785431960179702], [120.02858787990631, 15.785532620285393], [120.02854495981457, 15.78565650971318], [120.02788781975448, 15.785749430087588], [120.02749622003789, 15.785752009762993], [120.0271421697013, 15.785909449772522], [120.02702414981319, 15.786010110109485], [120.0268605400237, 15.786355969617233], [120.02662182007367, 15.786601169842353], [120.02662986992284, 15.786941870139586], [120.02649575033641, 15.78680507010982], [120.02618998043917, 15.786719899718461], [120.02602099993793, 15.78671732003105], [120.02594321996774, 15.786882499840058], [120.02598614005946, 15.787029620313161], [120.02616852972105, 15.787310959842511], [120.02659499968023, 15.78769036981241], [120.02673983996179, 15.787734240169902], [120.02689003955453, 15.787638749788355], [120.0272333598682, 15.787597450197708], [120.02750426988703, 15.78773941014919], [120.02813190005209, 15.788234959731534], [120.02836257015298, 15.788469840081813], [120.02844303962472, 15.788604050103665], [120.02864956950594, 15.788715029780613], [120.02882123018098, 15.788764070359205], [120.02897142977375, 15.788890539800297], [120.02918600950412, 15.788939579606538], [120.02933889963482, 15.789135739761024], [120.02941132029382, 15.789282849622575]]], [[[120.03333807028373, 15.784825410326317], [120.0339683899503, 15.784435669861042], [120.03401934952703, 15.784345329731908], [120.03399521034378, 15.784221440271923], [120.03385037006218, 15.784063990148281], [120.03359823991546, 15.784022689640452], [120.03354191999114, 15.783968490060328], [120.03360628976456, 15.783888480135882], [120.03368944044652, 15.783679409596273], [120.0336921195839, 15.783527129757733], [120.03366798040062, 15.783374840265532], [120.03352314011906, 15.783201909665], [120.03338099037543, 15.783152870398883], [120.03317981980541, 15.783160610142241], [120.03285527003607, 15.78327418039108], [120.03230273966736, 15.783263860185187], [120.03221959002185, 15.783325800144851], [120.03198087007183, 15.783222559836362], [120.03170191953159, 15.783183839952995], [120.03159462966643, 15.783080599715001], [120.03139079032317, 15.782982519624046], [120.03112524997968, 15.78296444993112], [120.03101259043913, 15.782992839815973], [120.03095359034104, 15.783075439616809], [120.03092675958341, 15.783217399734617], [120.03079533986273, 15.783421299937515], [120.0308409297641, 15.783578750388086], [120.03114939019936, 15.7839013800252], [120.03163486958435, 15.784187880328188], [120.03162681973525, 15.784254989642044], [120.03135860025435, 15.784526000264155], [120.03154635026351, 15.784758300014502], [120.03176629966921, 15.784949300146321], [120.03224373024152, 15.78509899973197], [120.03302692967468, 15.78506285997965], [120.03314361051231, 15.784963489934283], [120.03322810024473, 15.784954460291042], [120.03333807028373, 15.784825410326317]]], [[[120.02614438950134, 15.76324141012983], [120.02709121012458, 15.763171710299105], [120.02725213974028, 15.763210429712105], [120.02735674010393, 15.763352409634088], [120.02759546005394, 15.76335757005671], [120.02770543009295, 15.7634117797264], [120.0278019899352, 15.763517609944207], [120.02795756023967, 15.763610539956714], [120.02797364957378, 15.763654419881318], [120.02822845989435, 15.763680239934384], [120.02844036048735, 15.763858349728993], [120.02844303962472, 15.76396933979796], [120.02821236952381, 15.764173269954195], [120.02829552020575, 15.764240380133677], [120.02847522036579, 15.764273940113714], [120.02866834005029, 15.764384940168634], [120.02884537040066, 15.764441730330683], [120.02889364980355, 15.76414745960429], [120.02911895955687, 15.764142290211446], [120.02925574998929, 15.763974510000189], [120.02981096985951, 15.76378349007204], [120.03004432013424, 15.76376284020316], [120.0301891604158, 15.763848019908417], [120.03033131015943, 15.763876420203255], [120.03061025966322, 15.763866090381788], [120.03073095972515, 15.763938369849884], [120.03125936023831, 15.764410749734294], [120.03227592031031, 15.76439526025153], [120.03241807005394, 15.764312659731772], [120.03307252994023, 15.764181009805], [120.03317981980541, 15.764095829963463], [120.03317981980541, 15.763899650301473], [120.03307252994023, 15.763667329907458], [120.0331824999792, 15.763396290317976], [120.03315032027459, 15.762960039691105], [120.03324956029057, 15.76261931032748], [120.03324686975265, 15.762516050189381], [120.03306984976643, 15.762327610170903], [120.03281236030848, 15.762229520336405], [120.03246902963063, 15.762216610399456], [120.03209352028459, 15.762389569934486], [120.03175288014471, 15.762389569934486], [120.03156781030935, 15.762668349634978], [120.03134787023141, 15.762766439676277], [120.03049493031307, 15.762776770256853], [120.02979218998746, 15.762838720389881], [120.02950251046072, 15.76281291020547], [120.02951324048367, 15.762585749800555], [120.0301730596811, 15.762167570384706], [120.03039299975906, 15.761966219946599], [120.03052174967011, 15.761692599940432], [120.03076314979396, 15.7616099996795], [120.03102600996364, 15.761465439944425], [120.03114401948757, 15.761295070313514], [120.03109574008467, 15.761073070303626], [120.03098308987187, 15.760954329842635], [120.03022670979578, 15.760995629838908], [120.02978682963986, 15.760401920295385], [120.0297331795252, 15.760154109755826], [120.02960442961411, 15.759999219774807], [120.02937375951325, 15.759828849716477], [120.029067989616, 15.760056010367677], [120.02912163973066, 15.760675540232421], [120.02904117025892, 15.76076846978978], [120.02840817041856, 15.76076846978978], [120.02823650974352, 15.760629079944536], [120.02825796978935, 15.760355450304404], [120.02822042040938, 15.76005601036768], [120.02825796978935, 15.759480359763984], [120.02836793982833, 15.75931774037802], [120.02847790986733, 15.759245460073272], [120.02910554003235, 15.759188669701507], [120.02918065019294, 15.75912412991805], [120.02917260034378, 15.75874982983715], [120.02910017968482, 15.758558809821205], [120.02904922010809, 15.758233549833111], [120.02889901015115, 15.758112230031609], [120.02868980009613, 15.758008969688037], [120.02817482014383, 15.75799606001281], [120.0279173296495, 15.758029619799855], [120.02774030033551, 15.758334230138965], [120.02702951016079, 15.758563970124998], [120.02676933949262, 15.758685299953783], [120.02679884005988, 15.758770480022443], [120.02643405970035, 15.758775650095545], [120.0261658402195, 15.758837599851576], [120.0258761596563, 15.75911122993776], [120.02552748003149, 15.759581039859086], [120.02526461986177, 15.759844339673124], [120.02509296022318, 15.760117970268812], [120.02503932047269, 15.76026252011775], [120.02485156009934, 15.760185079954567], [120.02395570008927, 15.760716840173384], [120.02324760045246, 15.761047260338128], [120.02308666980036, 15.76131056037926], [120.02319932001313, 15.761584179883242], [120.02331197022589, 15.761692599940435], [120.02297401025983, 15.761862969896688], [120.0224322099141, 15.762043659958671], [120.02155780994984, 15.762214030202275], [120.02113938051208, 15.762353430059372], [120.02075315047084, 15.76237924018681], [120.02053856970406, 15.762559929883263], [120.0204956496123, 15.762874860349239], [120.0206780403103, 15.76307103985902], [120.02064048989389, 15.763525360348627], [120.02042591949127, 15.763716370275556], [120.0202864395573, 15.763928040025354], [120.01955151952707, 15.764542399806366], [120.01891315001131, 15.764573369844316], [120.0186502898416, 15.764470120128507], [120.01815140025984, 15.764506260371155], [120.01786171969671, 15.764681789831165], [120.0173869703346, 15.764877970230406], [120.01707584008973, 15.765110290348424], [120.0169256301328, 15.765267749721248], [120.01655549046212, 15.765378739728149], [120.01645355990809, 15.765017359666267], [120.01666008978934, 15.764828930402288], [120.01665205030434, 15.764676630189411], [120.01650721002275, 15.764570789617919], [120.01633555038417, 15.764563049752613], [120.01621217014845, 15.764501099920036], [120.01586884050703, 15.764116479865383], [120.01571059002872, 15.764131970141117], [120.01547991992784, 15.764227479836327], [120.01528680024333, 15.764348799947056], [120.0151473296371, 15.764511420008692], [120.01506954033917, 15.764668879742114], [120.01512051028006, 15.764792790103611], [120.01527875972194, 15.76487280977009], [120.01532167048595, 15.76530130986695], [120.01539677028228, 15.765494900034238], [120.01551479017046, 15.765626549978446], [120.01567841032407, 15.76572463978654], [120.01577765034014, 15.7658588701184], [120.0157454602713, 15.766070539606151], [120.01531362996454, 15.766550660200698], [120.01521170044695, 15.766770070339216], [120.01499176036899, 15.766984309618259], [120.01510440954536, 15.767386990291952], [120.01546382955728, 15.767407639706757], [120.015587209793, 15.76723212015313], [120.0156676803011, 15.766906879973364], [120.01589835040204, 15.766648749630672], [120.01598418022134, 15.766674560290793], [120.01626312972513, 15.766896550001473], [120.01662254040936, 15.76695849973342], [120.01668691951056, 15.767046260190044], [120.0164723397802, 15.767402479997413], [120.01639187030845, 15.767629639963983], [120.01637041959034, 15.767882599596586], [120.01561403018647, 15.768264630065657], [120.01531899031214, 15.768522759971765], [120.01526534952522, 15.768662150221672], [120.01534045035801, 15.768894459917732], [120.015587209793, 15.769008040277594], [120.01574814044513, 15.769126769873159], [120.01575351012048, 15.769209369862738], [120.01603781997187, 15.769245510114754], [120.01654743957656, 15.76923518979133], [120.01666546050107, 15.769095799971236], [120.01669227985812, 15.768822180355615], [120.01701950980127, 15.768739579706041], [120.0174701199801, 15.768517589656524], [120.01777052952978, 15.768238820022004], [120.01847863020296, 15.767681259903338], [120.01920818988565, 15.767521220068712], [120.02039908977005, 15.7670256099974], [120.02096503966324, 15.76696366024547], [120.02120643978708, 15.766842340237766], [120.02170533040523, 15.766757160120614], [120.02245635013377, 15.766731350263951], [120.022762120031, 15.766537749995708], [120.0230303395119, 15.766227989941134], [120.02320200018694, 15.766163460180493], [120.0234165799173, 15.76613507015168], [120.0234326702878, 15.766055049999848], [120.02336292980262, 15.765895009788514], [120.02321273020988, 15.765667850088114], [120.02314568026264, 15.765125779884405], [120.02324760045246, 15.764903779857212], [120.02351045958575, 15.76453206995184], [120.02364725001817, 15.764470120128507], [120.02386987026993, 15.764428820256521], [120.02425343050155, 15.764449470191483], [120.02442509014016, 15.764395260251526], [120.02523512033098, 15.76397451000019], [120.02538263974992, 15.763871250003458], [120.02551138033323, 15.763685400365132], [120.02586007032225, 15.763546010193952], [120.02614438950134, 15.76324141012983]]], [[[120.02954542951605, 15.775574669598631], [120.02768933972239, 15.776250930016053], [120.02746402996911, 15.776271580310759], [120.02725750008786, 15.776372249814814], [120.02691417977424, 15.776617460235522], [120.0268337103025, 15.776723289847432], [120.0268337103025, 15.777045930003517], [120.02689539990213, 15.77710013998513], [120.02700000959354, 15.777100139985125], [120.02725481991406, 15.776705219884729], [120.0273406497334, 15.776684570360704], [120.02750158038549, 15.776821370240624], [120.02765982982737, 15.777285979636636], [120.027903910125, 15.777629280046517], [120.02809167049833, 15.777639599972705], [120.02819628018975, 15.777487309910663], [120.02813458022591, 15.777107880316908], [120.02811848985537, 15.776764589718951], [120.02800316050525, 15.776674249668181], [120.02784759020072, 15.776620039797598], [120.02783686017776, 15.77646258973441], [120.02774030033551, 15.776307720162352], [120.02955078986365, 15.775634030158985], [120.02992362007231, 15.776346440392647], [120.03006041050475, 15.77711045988507], [120.03024280016629, 15.777280819682261], [120.0305593000865, 15.777113040266997], [120.03100186974397, 15.776648429629887], [120.0309991802424, 15.776581320330099], [120.03081411040708, 15.77642644985589], [120.03084630047586, 15.776152849891899], [120.03057271028327, 15.77587923970926], [120.0305593000865, 15.775615960290944], [120.03040910049377, 15.775579830324403], [120.02954542951605, 15.775574669598631]]], [[[120.02474427023417, 15.734256079715774], [120.02493202957106, 15.733729410030605], [120.02509831953437, 15.733481570192394], [120.02526998953716, 15.733306010066993], [120.0256133098508, 15.732712210191822], [120.02576351047999, 15.732309459856507], [120.02583324992878, 15.732004820029578], [120.02601563959031, 15.731674359675843], [120.02603172996083, 15.731338729639491], [120.02586007032225, 15.731168339892456], [120.0255650304479, 15.731070229741663], [120.02476573028004, 15.731106369886364], [120.02403079988561, 15.731349060289183], [120.02351045958575, 15.731338729639491], [120.02309739982327, 15.731369710200143], [120.02285063002411, 15.731968679729187], [120.02295791988932, 15.73226815985054], [120.02262532959861, 15.732190699988255], [120.02219617013786, 15.732025470005453], [120.02189040024061, 15.73208744028461], [120.0217616596573, 15.732190699988255], [120.021536349904, 15.732170049995995], [120.02071558969027, 15.731648540334435], [120.02002358042401, 15.730925649699921], [120.01998066966003, 15.730724279820905], [120.02007722950228, 15.730398969712473], [120.02007722950228, 15.730078840048883], [120.01916528015806, 15.729939420289355], [120.01887022991957, 15.729810330382907], [120.01731454967558, 15.729722549812822], [120.01698731973245, 15.730538389779147], [120.01600564026721, 15.73163820966992], [120.01623631036811, 15.73192219980726], [120.01653670955362, 15.732701890051047], [120.01655281028833, 15.73357967008743], [120.0167191002516, 15.735009940214983], [120.01687466951968, 15.735288759758054], [120.01714825971233, 15.735433329807154], [120.01795292022776, 15.735443659846071], [120.01842499045247, 15.735588239765553], [120.018854139549, 15.735639869664084], [120.01927793037082, 15.735660519999914], [120.02006650051577, 15.735624379879605], [120.0204473702094, 15.735655360263285], [120.0208657996472, 15.735805100069742], [120.02122521033138, 15.735996139906222], [120.02168119018556, 15.736357580273939], [120.02191721959763, 15.73638338962176], [120.02229272998012, 15.736223329898584], [120.02330124020298, 15.735283600030632], [120.02363920016906, 15.735185490384671], [120.02427220000942, 15.734756930191214], [120.02474427023417, 15.734256079715774]]], [[[120.02402543953802, 15.779203769651135], [120.0243151201012, 15.779012769915749], [120.02441167994346, 15.778816599784566], [120.02452969983158, 15.77824358996548], [120.02452969983158, 15.777902880325591], [120.02437948987463, 15.777691219954976], [120.02428293003238, 15.777613790393248], [120.02407371997737, 15.777603459889644], [120.02386987026993, 15.777644759935994], [120.02368747957193, 15.777706709614018], [120.02334951960592, 15.777923529970598], [120.02312957952795, 15.777944179617645], [120.0227808999031, 15.77791320026534], [120.02259313952977, 15.777820280138553], [120.02248049035342, 15.777954500373218], [120.02276480020481, 15.778212620333548], [120.02308666980036, 15.778398460165558], [120.02300620032862, 15.77853267995968], [120.02271116045432, 15.778625600404833], [120.02211570999388, 15.77845008033623], [120.02186357984715, 15.778290050118267], [120.02175092963434, 15.77801645014352], [120.02135931955361, 15.77828489013897], [120.02116621023329, 15.77847589001948], [120.02107500970222, 15.778672059829228], [120.02093017045708, 15.77940767975124], [120.02090066988981, 15.779797430319993], [120.0207987403722, 15.780122659734284], [120.02088725969304, 15.780494339723848], [120.02100795975497, 15.7806208098293], [120.02121180013465, 15.780633720094693], [120.02130032049192, 15.780600159916407], [120.02135664041622, 15.78041690016692], [120.02152293970728, 15.780321400126935], [120.02207010972836, 15.780285270156549], [120.02219080979026, 15.780151050044811], [120.02218275994112, 15.780001340188585], [120.02221763018373, 15.779859379825645], [120.0229552397155, 15.779531580176249], [120.02309739982327, 15.779601270027264], [120.02331197022589, 15.779539319784769], [120.02372502998834, 15.779312180174822], [120.02402543953802, 15.779203769651135]]], [[[120.02396643011218, 15.742569000357491], [120.02402543953802, 15.741985559789219], [120.02409518002324, 15.741655109652338], [120.02393425040756, 15.741365969975218], [120.02376258040478, 15.741149120158804], [120.02384841022406, 15.741009710083235], [120.02412735972786, 15.740767040166919], [120.02425610963894, 15.740147449906777], [120.02429366005533, 15.739786020054472], [120.02425610963894, 15.739522690265494], [120.02364725001817, 15.7388514599796], [120.02359896957883, 15.738678489883407], [120.02358288024475, 15.738440980045397], [120.0236284701461, 15.738257680110902], [120.02363920016906, 15.737934979640464], [120.02344608048455, 15.737356689853113], [120.02294718986636, 15.736982340193771], [120.0224456201108, 15.736546039923704], [120.02232760022268, 15.73647891995285], [120.02207010972836, 15.736471169740991], [120.02179384039835, 15.73650989964991], [120.0215309895564, 15.736757739832932], [120.02106965039104, 15.736827439776306], [120.02057612012044, 15.737792990192332], [120.02035618004247, 15.738107949933394], [120.02002895009936, 15.73841775034532], [120.01985729046073, 15.738866950003835], [120.01952468980586, 15.739006360273635], [120.01934230014427, 15.739192239964787], [120.019385220236, 15.73929550969547], [120.01926184000031, 15.73950720019255], [120.01906334960408, 15.73969824016679], [120.01896143045063, 15.739961570177519], [120.01889705964079, 15.740286860219284], [120.01912772974165, 15.740457240331848], [120.01962124964811, 15.740534690247463], [120.01964270969395, 15.740705080325782], [120.0193154797508, 15.741030360137328], [120.0187039399563, 15.741505380289041], [120.01834451994434, 15.741846149967836], [120.01839817005903, 15.742408939953153], [120.01849472990128, 15.742512209650219], [120.0186502898416, 15.743131789853777], [120.01866101986457, 15.743570660279005], [120.0190311698994, 15.743266030033134], [120.0194066802819, 15.74330217961432], [120.01986802048367, 15.743046599907407], [120.02069682018235, 15.743046599907407], [120.02082825026721, 15.744231550064885], [120.02111792979397, 15.744512939952033], [120.02172141973932, 15.744835640029121], [120.02190381043732, 15.744833050283846], [120.02221763018373, 15.744693649948434], [120.02229542051806, 15.744600709663146], [120.02258240950684, 15.744497450321855], [120.02249657968753, 15.744179919665676], [120.0225716794839, 15.744086979609506], [120.02272189047723, 15.74402760038056], [120.02321273020988, 15.744019859651427], [120.02358018970678, 15.743901099621485], [120.02364456984441, 15.743828819784365], [120.02382695950597, 15.742930430153645], [120.02396643011218, 15.742569000357491]]], [[[120.02201915015164, 15.796336620000254], [120.02226590958665, 15.795990779684578], [120.02254754030065, 15.795820440356929], [120.02260119041533, 15.795502980287802], [120.02257437002189, 15.795304249789293], [120.02240806969442, 15.795022930360078], [120.02207547007596, 15.795004859620022], [120.02194405035527, 15.794930019672911], [120.02185552999798, 15.794808710199767], [120.02185016965038, 15.794697729708902], [120.02179651953574, 15.794651279722645], [120.0214639302814, 15.794682250176782], [120.02128959046898, 15.794602240195704], [120.0212520400526, 15.794354470276796], [120.02149342981227, 15.79411701977025], [120.02159268019246, 15.79348726974997], [120.02149879948762, 15.793376289965153], [120.02123862985587, 15.793252400003277], [120.02107500970222, 15.793128519880991], [120.02074777975908, 15.79310528977226], [120.02050905980906, 15.79332724992544], [120.02034545001956, 15.793389189629709], [120.02027838970814, 15.793296279673326], [120.01992434040797, 15.793038180041373], [120.01962394018604, 15.79302012005346], [120.01955419970082, 15.793063989908747], [120.01943082050154, 15.79332724992544], [120.01939327008516, 15.793698910400943], [120.0192323301053, 15.793564700342962], [120.01873343948711, 15.793556960212067], [120.01827478049556, 15.793830539956113], [120.01814603991225, 15.793794400312668], [120.01780539977239, 15.793807309768896], [120.01749694037355, 15.79391054963993], [120.0170838795747, 15.794155740063367], [120.01674056029748, 15.794492549707119], [120.01661047029953, 15.794753220353838], [120.01660510995193, 15.795225530278936], [120.01676336043022, 15.795367479980499], [120.01756399964856, 15.795438460157492], [120.01778393972651, 15.79549266028832], [120.01807897960087, 15.795944319643324], [120.01824259975452, 15.795944319643324], [120.01817821961689, 15.796161119965747], [120.01801192965362, 15.796403729983078], [120.01798511029656, 15.796759890234542], [120.01826942014796, 15.797405120145934], [120.01866638953987, 15.797642559762995], [120.01896143045063, 15.79764772022302], [120.01927793037082, 15.797787090127677], [120.01961051962516, 15.798179389896575], [120.01986264977194, 15.798251650370208], [120.020200609738, 15.798231010098563], [120.02043664018649, 15.79816905999818], [120.0209999099058, 15.798179389896575], [120.02117156954446, 15.798138089837881], [120.0216221797233, 15.797890330349402], [120.02191454046026, 15.797487710214114], [120.0220513298563, 15.797152189690621], [120.02208351992508, 15.796739240345325], [120.02201915015164, 15.796336620000254]]], [[[120.02219080979026, 15.776989150234302], [120.02249122037635, 15.776653600147222], [120.02248584966459, 15.77636967025581], [120.0223785597994, 15.776250930016053], [120.02214253038736, 15.776096059787898], [120.02163827009385, 15.775966999860659], [120.02147198013056, 15.776230279723404], [120.0213754202883, 15.7765296998096], [120.02080679022136, 15.776627780111495], [120.02059221049097, 15.776617460235526], [120.02031862962612, 15.776483240050126], [120.02002358042401, 15.776410970057109], [120.01962124964811, 15.776674249668181], [120.01918674020393, 15.777045930003517], [120.01906334960408, 15.77723178018527], [120.01899361948306, 15.777531190321058], [120.01906334960408, 15.778475890019484], [120.01918674020393, 15.778744329794327], [120.01916528015806, 15.778992120162561], [120.01919745986268, 15.780045220315777], [120.01949251010119, 15.780189759598212], [120.0197392695362, 15.78016912030696], [120.02003431044697, 15.780024569646306], [120.02042054981592, 15.77951866997929], [120.02051710965817, 15.7792244202391], [120.02093017045708, 15.778780470075695], [120.02096235948945, 15.778630760392574], [120.02093554013238, 15.778124860048163], [120.0209999099058, 15.777939009881969], [120.02183138977833, 15.777195640173074], [120.02219080979026, 15.776989150234302]]], [[[120.02218007976732, 15.775899889967045], [120.02238928982237, 15.775631449795403], [120.02238393051117, 15.775414630201139], [120.02221763018373, 15.775233949684202], [120.02124131002967, 15.775218460209347], [120.02053320002874, 15.775290740366517], [120.02046346990768, 15.775228789780726], [120.02075315047084, 15.774851930014307], [120.02077996982788, 15.774666090096703], [120.02073169042497, 15.774568000141429], [120.02035081036716, 15.77454219012944], [120.01975535990672, 15.774841610226469], [120.01933157012137, 15.774831279860573], [120.01896678976182, 15.774939689732225], [120.01858592006815, 15.775259759782022], [120.01853763962885, 15.775667590349483], [120.018644929494, 15.775832780095092], [120.01906334960408, 15.776152849891902], [120.01927257002322, 15.776183820030814], [120.01962124964811, 15.77616316974481], [120.01998066966003, 15.776023789929429], [120.02038300043594, 15.776070250400009], [120.02045810023232, 15.776018630006371], [120.02112329014152, 15.7759515200961], [120.02218007976732, 15.775899889967045]]], [[[120.02131104015069, 15.77413436014135], [120.02149879948762, 15.774124040389102], [120.02147734047816, 15.773602629917908], [120.02140223964537, 15.7734477600343], [120.02097308951235, 15.773427110019973], [120.0206780403103, 15.773473569910474], [120.02018987971503, 15.773489060069114], [120.01963197967102, 15.77309155021903], [120.0192296499315, 15.773086390368702], [120.01895607010304, 15.773179319772645], [120.01867174988747, 15.773483900208948], [120.01832305989849, 15.773602629917901], [120.01802802002415, 15.773623279949659], [120.01723408953164, 15.77357682002571], [120.01685858018557, 15.773845269751432], [120.01668691951056, 15.774304719941819], [120.01665473047814, 15.7745731600285], [120.01682639011678, 15.77495002010351], [120.01689075989019, 15.775202979686748], [120.01700877977834, 15.77536300997023], [120.01721262948577, 15.775492070336377], [120.01751840041943, 15.77556434001006], [120.01773298014979, 15.775693399687396], [120.01806021009294, 15.775662429621526], [120.01811921951878, 15.775533369963403], [120.01811921951878, 15.775326870282823], [120.0177490694839, 15.774629949716656], [120.01782417031673, 15.774346020146805], [120.01816213028279, 15.774325370043293], [120.01857519004523, 15.774361510370412], [120.01881659016907, 15.77451638012065], [120.01889705964079, 15.774655759739542], [120.01942276961601, 15.774722870045427], [120.01978754997552, 15.774712550263976], [120.02012550994162, 15.77462478982818], [120.02091944043411, 15.77422728024869], [120.02131104015069, 15.77413436014135]]], [[[120.0185671401961, 15.801377089867918], [120.01877098990353, 15.80119642990793], [120.01875757970681, 15.800659609878364], [120.01869320993333, 15.800577020176215], [120.0184357204754, 15.800499599989992], [120.01829623950502, 15.800499599989996], [120.01797168973567, 15.800373129990714], [120.01799046960774, 15.800156339919736], [120.01803875004707, 15.80001955967108], [120.01803070019793, 15.799926640237684], [120.017947549516, 15.799823410397154], [120.01760691041257, 15.799593710269589], [120.01746743980631, 15.79942078976902], [120.01737624031166, 15.799242709726512], [120.01734405957059, 15.798744599620314], [120.01725286007594, 15.798685239782476], [120.01709460959765, 15.798767830359813], [120.01653403041621, 15.799260780021507], [120.0160217296013, 15.799456930391582], [120.01580178952337, 15.799593710269592], [120.01574009992373, 15.799983419764422], [120.01595199015253, 15.800117629901441], [120.01609147008655, 15.800259579691799], [120.01633017967237, 15.800334419932007], [120.01660108969122, 15.800497020131449], [120.01663059025846, 15.800626060300274], [120.01650050026053, 15.800760260272826], [120.01638114028555, 15.800801560039268], [120.01627788000877, 15.800900919756947], [120.01620947961048, 15.80121061999194], [120.01625373978911, 15.801291920011938], [120.0166761894876, 15.801240299862815], [120.01660108969122, 15.80157323002978], [120.01649111965224, 15.801722919622634], [120.01637309976412, 15.8020971400078], [120.01638382978706, 15.80249458978247], [120.01675129032039, 15.802303610139697], [120.01693099980817, 15.802166830104044], [120.01703828967335, 15.802143599798086], [120.01741378969164, 15.802370709843482], [120.01752377009477, 15.802344910213153], [120.01786976954583, 15.802061010319425], [120.01818627050245, 15.801885520095706], [120.0182130898595, 15.801784860203458], [120.01809508033556, 15.801702279819752], [120.01813262971554, 15.801588719841675], [120.01820505037453, 15.80151129032594], [120.0185671401961, 15.801377089867918]]], [[[120.0139510600773, 15.757193240241856], [120.01389742032681, 15.757110640138695], [120.01374989987144, 15.75708482008677], [120.01368821027181, 15.756997059761524], [120.01364529018005, 15.756803449832134], [120.01387059993336, 15.75661242021049], [120.01423538029292, 15.756374929798177], [120.01429975006633, 15.75614776990837], [120.01456261023601, 15.755946419596324], [120.0147610902681, 15.755843160326771], [120.01487374048087, 15.755894790361975], [120.01555501972422, 15.756421399714405], [120.01576424014337, 15.756514329814001], [120.01602708994892, 15.75654531004895], [120.01623093965635, 15.756695029880005], [120.01646160975723, 15.75655047030286], [120.01674056029748, 15.756318140209325], [120.01691221993609, 15.756085810375016], [120.01696587005073, 15.755812180196283], [120.0169068595885, 15.75566504030233], [120.01693367998197, 15.755386249637645], [120.01688539954262, 15.755130680329394], [120.01671642007783, 15.754903520169526], [120.01677542950364, 15.754369159709604], [120.01676470051714, 15.754222010257669], [120.01650184034746, 15.753548250168008], [120.01624971952843, 15.753522440321577], [120.01607001004068, 15.753465649883251], [120.01579373967425, 15.75323331997651], [120.0153028999416, 15.753109400221428], [120.01522243046989, 15.752990660233351], [120.01523048031906, 15.752853840216321], [120.01539140993474, 15.752804790201886], [120.01567036047493, 15.752856420297514], [120.01609415026033, 15.752840930047007], [120.01625239970222, 15.752647319913141], [120.01626044955134, 15.75254405983834], [120.0162014401255, 15.752203310091174], [120.01612096961735, 15.752032930137938], [120.01605391967011, 15.751906439977647], [120.01594394030342, 15.751854810117493], [120.01578838036305, 15.751810919661134], [120.01518756022728, 15.751756709757052], [120.01506417999157, 15.75168700970237], [120.01453847001636, 15.75107777962338], [120.01429975006633, 15.75110100992103], [120.01419782987648, 15.751199109972672], [120.01411468023097, 15.751604400392004], [120.01410395020802, 15.751914180186125], [120.01402885041169, 15.752079399899005], [120.013902779638, 15.752136189959343], [120.01364529018005, 15.751942579666906], [120.01333952028278, 15.751932249623833], [120.01306593009014, 15.752071649920618], [120.01288891010395, 15.752234289684864], [120.0124731701677, 15.752445969730712], [120.01204668984438, 15.752995820399164], [120.01207887991313, 15.753150710052857], [120.01245707046942, 15.753494039811747], [120.01263409978338, 15.753563739657467], [120.01269579041946, 15.753499209753862], [120.01269579041946, 15.753643769653944], [120.01231491968943, 15.754077449956231], [120.01227199959764, 15.754356250260022], [120.0121057003066, 15.754635050123383], [120.01178384003883, 15.7546866700952], [120.01149416051209, 15.754831239769723], [120.01153707956742, 15.756158090396587], [120.01127957974528, 15.756700190137598], [120.01120447994893, 15.757128710027244], [120.01082896956646, 15.757588199797542], [120.0107324097242, 15.757836020301715], [120.01071094967834, 15.758145780073324], [120.01064121955731, 15.758445230281401], [120.01051246964626, 15.758693039600567], [120.01026571021127, 15.758946020105693], [120.01035690037816, 15.759343550129083], [120.01105963966737, 15.760164429628963], [120.0117731100159, 15.7602057302822], [120.01206278954265, 15.760267690227902], [120.01232028003697, 15.760479359725544], [120.01249193967561, 15.760551639644993], [120.01265824000305, 15.760577450362707], [120.01281381030756, 15.760572290009009], [120.0130766601131, 15.760432889717285], [120.01351654959677, 15.760350289956213], [120.01364529018005, 15.760257359771847], [120.013902779638, 15.759779810264215], [120.01391082948714, 15.75962491974798], [120.01387864045473, 15.759485529854713], [120.01393764988059, 15.759312570291442], [120.01376599024195, 15.75930224964687], [120.01363187998335, 15.759330640371111], [120.01346022034468, 15.758974409967665], [120.01348971987557, 15.758886639895573], [120.01363724033092, 15.758770480022447], [120.01360238045247, 15.758656900367166], [120.01336633963984, 15.758450389768706], [120.0132697797976, 15.758187090090178], [120.0133556096169, 15.757980570193666], [120.01381426964488, 15.757727599811936], [120.01386523025799, 15.757673389995057], [120.01395910992646, 15.75752624959959], [120.0139510600773, 15.757193240241856]]], [[[120.01301497051347, 15.772505620373032], [120.01311690003102, 15.772459159885004], [120.01329123984347, 15.772242329764342], [120.01341998975454, 15.772198449656077], [120.01332879025988, 15.772425600212186], [120.01325904977463, 15.772838599713548], [120.01320272985036, 15.772967660140695], [120.01294523002824, 15.773168990303033], [120.01269579041946, 15.773168990303033], [120.0126877395339, 15.773194800144623], [120.01285403986134, 15.773316119788127], [120.01342803027589, 15.773282559977046], [120.01352727029193, 15.773318700122985], [120.0135675102099, 15.773419369825195], [120.01346827019385, 15.773522619913523], [120.01327782964673, 15.77362327994966], [120.01323490955498, 15.773695560366205], [120.01337974983657, 15.773708459623156], [120.01354068981642, 15.773672329988004], [120.01384645971369, 15.773458090331475], [120.01387059993336, 15.773321279644138], [120.01399666034288, 15.773109619867753], [120.01406907996545, 15.772838599713548], [120.01417368965683, 15.772737930292404], [120.01435608035479, 15.772301699952083], [120.01445264019705, 15.771813850362763], [120.01441508978064, 15.77153250006729], [120.0144311801512, 15.771307929982578], [120.01457334025898, 15.771302770176508], [120.01468866960913, 15.771212420292196], [120.0147181701764, 15.7706987596537], [120.01480668949725, 15.770453539936144], [120.0147289001993, 15.770308990332055], [120.01475036024516, 15.769307459732364], [120.01480401035984, 15.769201629824886], [120.01478790962514, 15.768587289650341], [120.0145492000393, 15.768360140030223], [120.01448213972787, 15.768107170052552], [120.0143185299384, 15.767825810122936], [120.01392961039565, 15.767797419867312], [120.01377940043871, 15.76774320986891], [120.01376331006816, 15.767629639963983], [120.01364529018005, 15.767479920404913], [120.0134575401709, 15.767319879911437], [120.01320541002416, 15.767294069984972], [120.01301764965082, 15.767201139955016], [120.01293181983154, 15.767025609997402], [120.01281916961872, 15.766922359878631], [120.01241147953162, 15.766813950116319], [120.01198768974625, 15.766979149919411], [120.01152097986912, 15.766865569853342], [120.01133859020756, 15.766772649779188], [120.01106501037911, 15.766736509956674], [120.01083969958941, 15.76677781028663], [120.01067340029836, 15.76695849973342], [120.0105339296921, 15.767428299701772], [120.01035154003056, 15.767815489869927], [120.01011550025432, 15.768089100024614], [120.01011013990674, 15.76855889034], [120.01015037049693, 15.768871230075636], [120.01008599968708, 15.769521709761149], [120.01014501014933, 15.769730789665205], [120.01057952995768, 15.770167020310469], [120.01061975951147, 15.770319309895049], [120.0106090294885, 15.770752959843849], [120.01048565028921, 15.771104009921988], [120.01046955991868, 15.771284699871023], [120.01069486034423, 15.771630579640146], [120.01101672993981, 15.771955819880787], [120.01130103979118, 15.772151990050371], [120.01159072035433, 15.772219100362152], [120.01202524016267, 15.772523689970866], [120.01220226014885, 15.772611450333875], [120.01260458988837, 15.772663069881885], [120.0127547998453, 15.77261918968486], [120.0127923502617, 15.772528849807221], [120.01301497051347, 15.772505620373032]]], [[[120.00985265044879, 15.740606980332673], [120.00982583005535, 15.741334990370145], [120.00990629019932, 15.741618970120077], [120.00999748969397, 15.741784200382826], [120.01019596972603, 15.741913279802782], [120.0103139896142, 15.742114640147477], [120.01030325959124, 15.742403780049527], [120.01015842034606, 15.742754879971073], [120.0101530599985, 15.742930430153649], [120.01022279011953, 15.743462239891006], [120.01029252956829, 15.743704899927423], [120.01056611976092, 15.744092140368426], [120.0108182395435, 15.74374105039833], [120.01088261968113, 15.743420930353244], [120.01112938015257, 15.743074999806772], [120.01136005025343, 15.742852980161471], [120.01166045980314, 15.74263611984833], [120.01179993040934, 15.742450250103948], [120.01172482957656, 15.742171439696106], [120.0115853496426, 15.742119800043962], [120.01119911960134, 15.74226436994842], [120.01151561952157, 15.741820339943732], [120.01153707956742, 15.741655109652331], [120.01138151029932, 15.741557010025735], [120.01116157022138, 15.741551850143175], [120.01124203036534, 15.741345319887863], [120.01125813006362, 15.74115428003137], [120.01109719008375, 15.740890959904416], [120.01118301990303, 15.740772200030033], [120.0115102498462, 15.740446919807733], [120.01181601974345, 15.740199080120725], [120.01236856047632, 15.739615629913741], [120.01285672003515, 15.739187080140772], [120.01301764965082, 15.738748200232022], [120.0131893196536, 15.738660419967712], [120.01345217049554, 15.738428069955377], [120.01372575965178, 15.738118280104826], [120.01421392024702, 15.737798149981828], [120.01456796954722, 15.737627759838572], [120.01484692008741, 15.7371527298096], [120.0148415597398, 15.737002999612008], [120.01464844005537, 15.736791300267338], [120.01429438971873, 15.736791300267335], [120.01410663038183, 15.736858420338752], [120.01333415993518, 15.737385080027861], [120.0131303102278, 15.73735410020075], [120.01259655040342, 15.737157900159907], [120.01212180000492, 15.737150149922815], [120.01182139045521, 15.736951359612918], [120.01130371996499, 15.736959109842621], [120.01097917952337, 15.737044299742122], [120.01072705041305, 15.737232769775602], [120.01032471963708, 15.737627759838572], [120.00982046037998, 15.737648410371271], [120.00964879970495, 15.73771037011754], [120.00958979027911, 15.737818799717825], [120.0094610496958, 15.737891089674887], [120.00923037959492, 15.73782912987492], [120.00902652988749, 15.737700049729412], [120.00877439974074, 15.737607110121493], [120.0085195904566, 15.737635500330342], [120.00861078995125, 15.737379920248559], [120.0086832002461, 15.737266330286454], [120.00861078995125, 15.737023650082836], [120.008522269594, 15.736956529958242], [120.00826478013605, 15.736863589868175], [120.00822454954582, 15.736509899649914], [120.00829427966684, 15.736176859604985], [120.0082218600443, 15.736125230387074], [120.00797509957289, 15.736300779868548], [120.00781148978339, 15.736282710158909], [120.00766664950183, 15.736347250189755], [120.00759154970545, 15.73666479983148], [120.00761032024975, 15.736997830079144], [120.0076881095477, 15.737155309696412], [120.00760495990217, 15.737374759655825], [120.00717580044143, 15.73737992024856], [120.00706583040248, 15.73758129004555], [120.00690489975035, 15.737578710153468], [120.0067251902626, 15.737434140244059], [120.00646769976825, 15.737294730211953], [120.0063496798801, 15.737266330286454], [120.00587225034427, 15.737263750398265], [120.00576496047906, 15.737312800009281], [120.00566036011541, 15.737299889989131], [120.00542432033917, 15.737194039732417], [120.00532240014934, 15.737191459845125], [120.00483155005257, 15.737315379898089], [120.00428169985764, 15.737289559858251], [120.00412612955317, 15.737325710030245], [120.00373184966278, 15.737578710153464], [120.00354677049967, 15.737550310189283], [120.0033080598774, 15.73786268966818], [120.00318467964169, 15.738200889764569], [120.0028037995839, 15.738381599983974], [120.00238538051028, 15.738939240324324], [120.00190258026261, 15.739414259779036], [120.00158608034242, 15.739579489921466], [120.00098526020666, 15.739687919680245], [120.00060439051299, 15.739946080071963], [120.00060439051299, 15.740183589997518], [120.00072776971228, 15.740348810172913], [120.00154852992598, 15.740348810172916], [120.00209569994709, 15.740483059950382], [120.00230491000212, 15.740498550095849], [120.00269115040754, 15.740343650320263], [120.00293254949493, 15.740323000334186], [120.0037854904497, 15.740157769602465], [120.00394642006539, 15.740307510201777], [120.00401615951418, 15.74079285006061], [120.00513731994982, 15.740818669720714], [120.00562548987284, 15.740803180365072], [120.00611365046808, 15.740415940339236], [120.00643550969944, 15.740328160186325], [120.00683248012778, 15.740137119634804], [120.00855445966279, 15.740121630329806], [120.00924646996543, 15.740214570245074], [120.0095468795151, 15.740224899707286], [120.00976681959307, 15.740323000334183], [120.00985265044879, 15.740606980332673]]], [[[120.01087993017958, 15.780385930211265], [120.01095772051391, 15.78023881037169], [120.0110301401365, 15.780228479737668], [120.01103817962147, 15.780460780381823], [120.01106768951648, 15.780512400250766], [120.01150488949861, 15.780793749675292], [120.01159877020348, 15.780889249932255], [120.01173823977328, 15.780925380007586], [120.01198768974625, 15.78077568017261], [120.0121057003066, 15.780545959601122], [120.01219153012595, 15.780223319710245], [120.01193136049422, 15.779025680081283], [120.01223445021769, 15.778540420344774], [120.01231491968943, 15.778308120218695], [120.01217543975538, 15.778117109913563], [120.01205741986728, 15.778021610116156], [120.01167386999984, 15.777887389838192], [120.01119911960134, 15.777639599972705], [120.01059025998059, 15.7776499198994], [120.01037300007643, 15.7776112100051], [120.00979363998651, 15.777784140024096], [120.00958711010531, 15.777990639703543], [120.00953345999065, 15.778212620333546], [120.0093483901553, 15.778388129622966], [120.00919013967696, 15.77822294028869], [120.00905335028094, 15.778130020023486], [120.00873685036076, 15.7781816401275], [120.00858396023006, 15.778256490318277], [120.00854908998744, 15.778540420344774], [120.00851153957103, 15.778612690264135], [120.00836402015209, 15.778801119807847], [120.00827014048365, 15.778834669930735], [120.00792145982237, 15.778390710020767], [120.00777124986546, 15.77826682004058], [120.00755935963664, 15.77821519991543], [120.00739843002094, 15.77810937035797], [120.00729114015579, 15.778080980326223], [120.00696391021263, 15.778137760393596], [120.00688881041623, 15.778220359892986], [120.00674933048226, 15.77823326024435], [120.00669032001998, 15.778168739779357], [120.00655085045015, 15.777848670134713], [120.0064220995027, 15.777771239700593], [120.00623702966735, 15.777724779663735], [120.00592320992094, 15.777732520018766], [120.00583201975404, 15.777843510166358], [120.0056844899709, 15.777856420259313], [120.00551015015851, 15.777786730179345], [120.00535457985401, 15.777830609839189], [120.0050810000255, 15.778055169878236], [120.00499249003242, 15.778016450143522], [120.00482618970499, 15.778008700012965], [120.00466256955131, 15.778119690307989], [120.00440508009336, 15.778483640167455], [120.00432730012322, 15.778207449777447], [120.00415831962198, 15.778279730159813], [120.00404834958297, 15.778599789889228], [120.00401615951418, 15.778816599784566], [120.0039035103378, 15.778963730010284], [120.00385254972468, 15.77914699010642], [120.00370501994155, 15.779330250364067], [120.00359236972882, 15.779245070015344], [120.00347971951605, 15.779002440156402], [120.00315248957287, 15.779312180174829], [120.00294327951785, 15.779585780227087], [120.00293254949493, 15.779895520300817], [120.00298619028185, 15.780055550126942], [120.0031900399893, 15.78034462962042], [120.00352799995537, 15.780107169895262], [120.00372916016121, 15.779900680320074], [120.00485837044604, 15.779621919840952], [120.00468402959721, 15.779296690396196], [120.00473499021031, 15.77917538028372], [120.00488788034104, 15.77900503032682], [120.00513195960222, 15.778950819848594], [120.00574082025939, 15.77895597984443], [120.00588833967832, 15.77893274969233], [120.00608413953664, 15.778837250334057], [120.00619410957563, 15.778832090341188], [120.00636845975221, 15.778904360361912], [120.00647306011584, 15.779033419670988], [120.0066044902007, 15.779226999833508], [120.00662058989894, 15.779376709945922], [120.00724822006403, 15.77948511974604], [120.00748157966645, 15.779495439764341], [120.00780612010804, 15.77943866013996], [120.00792413999616, 15.77955481039525], [120.00809847980861, 15.779629660266592], [120.00854105050247, 15.77944382014791], [120.00865101950504, 15.779436079729175], [120.0086885699214, 15.779683860343022], [120.0089755703108, 15.780112329919795], [120.00914186027407, 15.780300750243764], [120.01034081000765, 15.780285270156552], [120.01055806991181, 15.78016912030696], [120.0106117096623, 15.780311080067637], [120.0107324097242, 15.780442710094327], [120.01080483038318, 15.780453039925243], [120.01087993017958, 15.780385930211265]]], [[[120.00633626968342, 15.799751150190387], [120.00651866038137, 15.799678880242778], [120.00664336313993, 15.799564405499071], [120.00651866038137, 15.799766630100347], [120.00645428957154, 15.80001955967108], [120.00645964991911, 15.800207959799346], [120.00679492971139, 15.80049702013145], [120.00676006050521, 15.800768009624415], [120.00652133951877, 15.800768009624411], [120.00643015038825, 15.800502179848557], [120.0061217003172, 15.800455719611763], [120.00607878022547, 15.800306030118692], [120.00595539998976, 15.800298289736553], [120.00588833967832, 15.80100286020079], [120.00609219042218, 15.80123771999506], [120.00601976976318, 15.801281599724733], [120.0058454299508, 15.801224819842975], [120.00569253982007, 15.801031250109393], [120.0056120796761, 15.801013190240187], [120.00548064959128, 15.801155139829003], [120.0054779600897, 15.801400320088115], [120.00551551983385, 15.801441610215797], [120.00570326984298, 15.801477739796374], [120.00609219042218, 15.8014570902518], [120.00618070041531, 15.801534519747308], [120.00627189990996, 15.801565489600382], [120.00638455012272, 15.801542260175546], [120.00642477967652, 15.801431289921178], [120.00653476007965, 15.801333210118072], [120.00649988983706, 15.801082870206523], [120.00655620976136, 15.80098480033406], [120.00683248012778, 15.800770590300157], [120.00683784047537, 15.800486690117731], [120.00692367962246, 15.800347329794775], [120.00792682016997, 15.800094399824754], [120.00819503965086, 15.800089240117781], [120.00861347012507, 15.800218280033167], [120.00905335028094, 15.800564120065177], [120.00933766013236, 15.800548630329732], [120.00959515995446, 15.80045055989579], [120.00986068993376, 15.800504759707163], [120.01009672971001, 15.800641540275464], [120.0102388898178, 15.800685419879128], [120.01080215020944, 15.80048411025936], [120.01079947003562, 15.800293130024508], [120.01086115963528, 15.800195049945241], [120.0108423797632, 15.799735659701755], [120.0107699601406, 15.799565319743746], [120.01075118959626, 15.799069790332078], [120.01069218017044, 15.79867233978899], [120.01061975951147, 15.798631039632246], [120.01044273019745, 15.798631039632243], [120.010316669788, 15.798690400268413], [120.00988214997967, 15.799013010241348], [120.00959515995446, 15.79906720967747], [120.00905067010714, 15.798958819771508], [120.00843643977467, 15.79933819974581], [120.00753789959076, 15.79959629011691], [120.00728309030661, 15.799647909857294], [120.00714629987418, 15.799570480251539], [120.00696659038643, 15.799555000356198], [120.00675828432608, 15.79946514331344], [120.0072294495197, 15.799485310322794], [120.00795363952702, 15.799376920198581], [120.00829697020484, 15.799268520364967], [120.00879049011125, 15.798912359880037], [120.00885487024888, 15.798793640125417], [120.00882803949123, 15.798592329898316], [120.00855982001039, 15.798514899872357], [120.00830770022777, 15.798514899872353], [120.00813066987739, 15.798375540058963], [120.00808774978564, 15.798200030163096], [120.0076210502727, 15.798225839858139], [120.00743330026357, 15.798292949637666], [120.00725090956557, 15.798432310209442], [120.0068485704983, 15.798483929660472], [120.00640332999481, 15.798452960267028], [120.006022449937, 15.798380699723364], [120.00514268962519, 15.798365210150813], [120.00409126034698, 15.798292949637668], [120.00393569004245, 15.79825423020084], [120.00359774044055, 15.798300689945064], [120.00344485030983, 15.798396180344975], [120.00345558033277, 15.798458119933358], [120.00356019002417, 15.798587170228654], [120.00349044953896, 15.798664589701797], [120.00305860990443, 15.798837510386454], [120.0030130096389, 15.798966560103715], [120.00313370970082, 15.799069790332075], [120.00286549021993, 15.799405309884847], [120.0028225804924, 15.799544680155345], [120.00296205006218, 15.799782119777454], [120.0030827501241, 15.799823410397154], [120.00412077024197, 15.799849220293968], [120.00437825969989, 15.79976663010035], [120.00540018011954, 15.799727920154716], [120.00560134965316, 15.799583390066818], [120.00574350043318, 15.799591129608485], [120.00633626968342, 15.799751150190387]]], [[[120.0093966695582, 15.789938429742449], [120.0094315398008, 15.789853259694343], [120.0095495596889, 15.78977582967087], [120.00976681959307, 15.789695810186377], [120.00973462952429, 15.789595160270878], [120.00945299984666, 15.789584829985571], [120.00927596949631, 15.789522889787976], [120.00874220967194, 15.78907895017894], [120.00862956049558, 15.789058310004958], [120.00849813041071, 15.789127990029648], [120.00844716979758, 15.789197679843213], [120.00804484005806, 15.789910039722518], [120.00802338001222, 15.790010700369889], [120.0077846600622, 15.790439139967532], [120.00770956026582, 15.790640460196107], [120.00774175033462, 15.790769509703246], [120.00786245039653, 15.790725629753114], [120.00831573971277, 15.790452050029053], [120.00840424970585, 15.790560450144163], [120.00872880051162, 15.790511409955352], [120.00896484028786, 15.790421069626227], [120.00909357983473, 15.79031782986174], [120.00936985020115, 15.790250729983036], [120.0093966695582, 15.790206850142484], [120.0093966695582, 15.789938429742449]]], [[[120.00832914990949, 15.783792980128565], [120.00826478013605, 15.783934939922679], [120.00848472021399, 15.784027860341185], [120.00864296965587, 15.783976239599289], [120.0088575504227, 15.78383943989402], [120.00895143009113, 15.783485830170354], [120.00894338024199, 15.783395489640283], [120.00830770022777, 15.783170940108207], [120.00847667036484, 15.782894759766434], [120.00865906002639, 15.78272441001687], [120.00863491980672, 15.782644399757526], [120.00840962041761, 15.782541150022277], [120.00862688032177, 15.782019769711216], [120.00854640981362, 15.781921690120786], [120.00839353004709, 15.781852000305689], [120.00824332009017, 15.781880390038607], [120.00816017044464, 15.781728109890457], [120.00813603022499, 15.781513879836725], [120.00800191996636, 15.781165430050876], [120.00869125009521, 15.780545959601122], [120.00827282998519, 15.7803833497887], [120.0079885097696, 15.780176859939232], [120.00795633006499, 15.780003919792636], [120.00765054980351, 15.780259449669863], [120.00733674042131, 15.780644040170001], [120.00718385029057, 15.781072510098117], [120.00713288967745, 15.781738430020097], [120.00673324011176, 15.782017190082145], [120.00660181002688, 15.782213350213146], [120.00651866038137, 15.782347570028845], [120.00664203958065, 15.782476629847892], [120.00664203958065, 15.782597940259194], [120.00644623972237, 15.782783779942404], [120.0062289798182, 15.783062530013535], [120.0062316703562, 15.783168359651082], [120.00670373021674, 15.78355294007131], [120.00704974003192, 15.78360455989431], [120.00779002973755, 15.783591650258186], [120.00823527956878, 15.783733609914798], [120.00832914990949, 15.783792980128565]]], [[[120.00067681013556, 15.747964480211321], [120.00081629006958, 15.747533360105288], [120.00101745027541, 15.747257139994828], [120.00113547016353, 15.747223580316154], [120.00128834993012, 15.747228740339128], [120.00143051003789, 15.747282949878645], [120.00183821048914, 15.747551429976651], [120.00180066007279, 15.747701159615735], [120.00181675044327, 15.74797997009922], [120.00172018956465, 15.748274260288374], [120.00172554991225, 15.74840849971237], [120.0016611801388, 15.74868729975154], [120.00150560983428, 15.748744100278024], [120.00121593030752, 15.748764750284906], [120.00086724964628, 15.748893829960593], [120.00082432955453, 15.749038389919253], [120.00080286950868, 15.749709579788647], [120.0004810102773, 15.74999096975104], [120.0001805996912, 15.750055509958772], [120.00013500046208, 15.750238790165497], [119.99999821002964, 15.750499529848186], [119.99982119004343, 15.750680230391291], [119.99976217958115, 15.750669899597181], [119.99952078049377, 15.750318819698158], [119.99937594021218, 15.750014199927502], [119.99936521018924, 15.74980767999869], [119.9993008404158, 15.749590840111276], [119.99893606005625, 15.749420459853841], [119.99882877019105, 15.749539210011388], [119.99862492048366, 15.749663120319884], [119.99816358028188, 15.74969925961996], [119.99817966961598, 15.749905780254924], [119.99832450989754, 15.750117460375524], [119.99843717047449, 15.750385940058045], [119.99862492048366, 15.750602789723121], [119.9990755296261, 15.750613109936573], [119.99935984984164, 15.750762840148806], [119.99942421961507, 15.75147017029965], [119.99952078049377, 15.751903859908223], [119.99972998951233, 15.75224977012649], [119.99984801043688, 15.752384009671353], [120.00027715953345, 15.752590529713443], [120.00048636958847, 15.752538899683717], [120.00080824022044, 15.75240466003904], [120.00097453951146, 15.752229119774139], [120.00168264018467, 15.75163537989661], [120.0019186695967, 15.751387560261623], [120.00225127025159, 15.751113919982517], [120.00242292989024, 15.751036479966743], [120.00266969036167, 15.750762840148804], [120.00304519970771, 15.75020523000656], [120.0033831596738, 15.749910940344334], [120.0037747604268, 15.749792189974901], [120.00379622047265, 15.74968892968813], [120.00398934015716, 15.749487570160676], [120.00408053032403, 15.749343009890346], [120.00476181993155, 15.749229419917164], [120.00498176000951, 15.749157139859024], [120.00525533983794, 15.749048719818827], [120.00546454989296, 15.748883500068706], [120.00558256978105, 15.748723450273195], [120.00592052974714, 15.747979970099214], [120.00625848971322, 15.74757207986531], [120.00650525018463, 15.747386209786592], [120.00677884037728, 15.746735660121404], [120.00682175010486, 15.746338110224753], [120.00717044009386, 15.746100599794607], [120.00765324034151, 15.745950869678376], [120.00824332009017, 15.745522329660782], [120.00801264998927, 15.74500601979206], [120.0079858295958, 15.744654929909618], [120.00781416995721, 15.744438070162344], [120.00768542004613, 15.744350299706133], [120.00736892012594, 15.744370950091191], [120.00720263016265, 15.744401930147541], [120.00696659038643, 15.74450519025511], [120.0065320695417, 15.744556829684672], [120.00665544977743, 15.743751370271939], [120.00646234045705, 15.743348649869043], [120.00615656019566, 15.74325053968202], [120.00613511051394, 15.743142120274165], [120.00642477967652, 15.742847820246851], [120.00647306011584, 15.742672270133857], [120.00640869034238, 15.742393449665734], [120.00628531010669, 15.74224371977206], [120.00578104981317, 15.742073339826499], [120.00512122957929, 15.74202170019863], [120.00495493028829, 15.741825499832927], [120.00485837044604, 15.741495049949776], [120.00471889983977, 15.741371139616417], [120.0042039198875, 15.741267869671073], [120.00364601984346, 15.741262709795683], [120.0035172699324, 15.741205909681074], [120.00333488027087, 15.741309179595712], [120.00310957051757, 15.741562179671655], [120.00297009991132, 15.74181001040246], [120.00276625020392, 15.742300520169477], [120.00283061997735, 15.742594820237608], [120.00295400954082, 15.742827160249368], [120.00306665975359, 15.74322473029762], [120.00304519970771, 15.743493210048912], [120.00297546025894, 15.743802999751367], [120.00263213994526, 15.74380299975137], [120.00224589953986, 15.7438959396809], [120.00172554991225, 15.744102470022796], [120.00148952050017, 15.744278019713226], [120.00078678017456, 15.744536170331392], [120.0000572204919, 15.744556829684669], [119.9997460798829, 15.744494870344177], [119.99969244013235, 15.74432447960852], [119.99935448016629, 15.743937250126423], [119.99904334992142, 15.743947570009757], [119.9988931399645, 15.744226380352732], [119.99867856956187, 15.744494870344173], [119.99857664004432, 15.744541340051228], [119.99846398983154, 15.744742699680534], [119.99849081022498, 15.745124769874618], [119.99835133961878, 15.745166079750094], [119.99804556039376, 15.745114449932991], [119.9979436402039, 15.744913080181076], [119.99740182949397, 15.744861449613042], [119.99660253969033, 15.744897589707543], [119.9962431196784, 15.744944060318012], [119.99599098953162, 15.745067980098149], [119.99544381951054, 15.745537820180754], [119.99537944973709, 15.74574434970895], [119.99552429001865, 15.745904399657022], [119.99577105049008, 15.746637570307659], [119.99608755041024, 15.746947350039203], [119.99630213014062, 15.747091920038125], [119.99703168982329, 15.747091920038125], [119.99721407948483, 15.747148710366183], [119.99736428011403, 15.747401699631512], [119.99742866025163, 15.747752790073765], [119.99762714028371, 15.747866380055537], [119.9980294700232, 15.747959310406557], [119.99857664004432, 15.748294910248688], [119.99898969980674, 15.748201979747966], [119.99929011039283, 15.747907679897356], [119.9993115704387, 15.747752790073765], [119.99945104000854, 15.747618550258608], [119.99965488971597, 15.74751013020543], [119.99979972999756, 15.747566919833847], [119.99987482979394, 15.747856050214576], [120.00004649046897, 15.748047089705588], [120.00036836006451, 15.748183909820204], [120.0004917403002, 15.74820455977155], [120.00055879024744, 15.748181329796854], [120.00067681013556, 15.747964480211321]]], [[[119.99982119004343, 15.768068449728478], [119.99957442024423, 15.767598659706694], [119.9995851502672, 15.767381829769418], [119.99979436032221, 15.767170170339693], [119.9996012396013, 15.766483540325458], [119.99948323007735, 15.766277039863352], [119.99930619972695, 15.765817569970814], [119.99897361047266, 15.765394230097812], [119.99873221034879, 15.765182570248609], [119.99875902970587, 15.765043170124047], [119.99893606005625, 15.76490895008266], [119.99913454008836, 15.764908950082656], [119.99933302012042, 15.764769550141365], [119.99956369022132, 15.764723089753355], [120.00019132971411, 15.764196500085525], [120.0002556994876, 15.763928040025347], [120.00008403984896, 15.763551169807684], [120.00073849973525, 15.76350469992736], [120.00113010048823, 15.76354084000237], [120.00111401011767, 15.763241410129822], [120.00082970026628, 15.762874860349239], [120.00080286950868, 15.76239988991843], [120.00104964034425, 15.762291470306563], [120.00119983993702, 15.762461839939286], [120.0014627001067, 15.762642540285379], [120.00164508976823, 15.762709649971328], [120.00172018956465, 15.762606400366355], [120.001757739981, 15.762332780332367], [120.0019508596655, 15.761878460004693], [120.00200450045244, 15.761026609926992], [120.0023371000709, 15.760603260269937], [120.0023585601168, 15.760407079831172], [120.00227808960868, 15.760236710252759], [120.00211179031763, 15.76000438987842], [120.00207960957658, 15.758548480263602], [120.00183821048914, 15.758274850103325], [120.00178456037447, 15.757603690401165], [120.00180602042036, 15.757102889973085], [120.00178456037447, 15.756896380102232], [120.0015377999031, 15.75663824020384], [120.00151633985719, 15.756338790153452], [120.00159681036533, 15.756075489890366], [120.00159681036533, 15.75568827029797], [120.00171483025345, 15.755461110343543], [120.00182210975447, 15.754965470400878], [120.00206350987831, 15.75508937986913], [120.00239610949677, 15.754629880153066], [120.00281990031858, 15.754531789876747], [120.00306665975359, 15.7547796099982], [120.0035199501062, 15.754526629672863], [120.00370771047955, 15.75447499997685], [120.00398129030799, 15.754513720213522], [120.00414221992368, 15.754575670328933], [120.00434874980493, 15.75458599968946], [120.00544040967331, 15.754547280253004], [120.0055262394926, 15.754407879926593], [120.00567107977422, 15.754335599698818], [120.00579982968524, 15.754191040132188], [120.00578104981317, 15.754067130384769], [120.0061404698251, 15.753909659955289], [120.00626921973617, 15.75381673020433], [120.00636577957842, 15.753664420146551], [120.00654279956461, 15.753617950031856], [120.00662327007275, 15.75366700023779], [120.00655085045015, 15.753894169626456], [120.00660985987602, 15.754149730094419], [120.00675470015761, 15.754191040132188], [120.00707923956278, 15.75417554978243], [120.00706047005488, 15.75394838008685], [120.00693172014381, 15.753607629669515], [120.00693708981916, 15.753429509929738], [120.00711678997921, 15.753057779826884], [120.00699072956968, 15.752585370371307], [120.0070041397664, 15.752448549806854], [120.00745206977146, 15.752061329634891], [120.00757813018095, 15.751751549621925], [120.00763983014477, 15.751707660000973], [120.00771761011497, 15.751405629653636], [120.00771761011497, 15.751258479854428], [120.00766127982648, 15.751077779623383], [120.00757813018095, 15.75043499031654], [120.00751108023371, 15.750336889811102], [120.00707120007782, 15.750360120026142], [120.00694513034055, 15.75042724039934], [120.00680565973434, 15.750564059636135], [120.00678151951463, 15.750680230391291], [120.00670105004295, 15.750827379782026], [120.00619948028739, 15.75080930962653], [120.0060492796582, 15.750711209758455], [120.00573814008561, 15.750587299640195], [120.00544310021125, 15.750587299640198], [120.00527679988382, 15.750602789723125], [120.00494956994068, 15.750762840148804], [120.00439703024425, 15.750747350053977], [120.00424147030388, 15.750773160370189], [120.00383913952797, 15.750943540106677], [120.00361919012227, 15.75073702007018], [120.00339388969671, 15.750416920195088], [120.00323296008101, 15.75027752019199], [120.00312567021585, 15.750246540075686], [120.00247121032956, 15.75100549973757], [120.00202060015073, 15.751346259729939], [120.00101208992787, 15.752368520269616], [120.0003576300416, 15.752673140228563], [120.0002556994876, 15.752905470324102], [119.9995958802901, 15.753793489839957], [119.99941884993976, 15.754082619912825], [119.99927938036993, 15.754444020049892], [119.9991184497178, 15.754516300315276], [119.99867856956187, 15.754619559740581], [119.99833523992051, 15.754815750186005], [119.99809921050843, 15.755032589817185], [119.99779343957474, 15.755197799798946], [119.99714434003604, 15.755796689725935], [119.99693512998104, 15.755868969647157], [119.99652207021859, 15.756127119983182], [119.99621630032132, 15.756818940377373], [119.99592125008283, 15.757257780240458], [119.99567448961139, 15.757526249599586], [119.99539017976002, 15.758047689768153], [119.99533652964533, 15.75842973961517], [119.99542236050107, 15.758636250193153], [119.99527215987187, 15.758915040327219], [119.9947249898508, 15.758997640332531], [119.99456941954627, 15.759075089818106], [119.99440312025524, 15.759343550129087], [119.994446040347, 15.75964815018542], [119.99426364964901, 15.759880479926327], [119.99343753012411, 15.760505169620622], [119.9935448199893, 15.761011119882376], [119.99361991978567, 15.762580579632822], [119.99323905009203, 15.763354989845382], [119.99262749993332, 15.763695719599646], [119.99309420981047, 15.765115450000927], [119.99322295039374, 15.76569883005793], [119.99335705961597, 15.765936309951464], [119.99336243032775, 15.766731350263955], [119.99321759004619, 15.767273419767731], [119.99300301031582, 15.76775869960089], [119.99222517019383, 15.768600199982494], [119.99194621965358, 15.769069989824475], [119.99149561051117, 15.770438050003548], [119.99154925026167, 15.770974949837349], [119.99182284045432, 15.771873219614486], [119.99216080042038, 15.772224269955657], [119.99244511027177, 15.772430760046115], [119.99272943048733, 15.772513359720088], [119.99294399985355, 15.772523689970866], [119.9932658704855, 15.772420440378403], [119.99387741028004, 15.772022930129284], [119.99421269007229, 15.771984209890144], [119.99463647985772, 15.771571209643948], [119.99479473033601, 15.771602189679054], [119.99508977021034, 15.77178288006081], [119.99508709003655, 15.77194291015413], [119.99504416994479, 15.7721184401918], [119.99490737951237, 15.772270730391224], [119.99488592050288, 15.772583049660474], [119.99474644989667, 15.773143179650921], [119.99402224952519, 15.77390721992512], [119.99387204993243, 15.774170499621553], [119.99318539997736, 15.774944860207087], [119.99302982967284, 15.774944860207091], [119.99279380026078, 15.77488290972433], [119.99268651039561, 15.774893230327956], [119.99278307023788, 15.775373329783971], [119.99296545989941, 15.775554020186867], [119.99314784956096, 15.775708890011375], [119.99334097028189, 15.775812129843944], [119.99359845973983, 15.775827620176747], [119.99383985986366, 15.775915380306392], [119.99427974001952, 15.775905059652047], [119.9946016096151, 15.775858600032109], [119.99492883955823, 15.775719209842238], [119.99506831016447, 15.775574669598631], [119.99516487000672, 15.775393979991529], [119.99536871971412, 15.77525975978202], [119.99564767025437, 15.775233949684202], [119.99565302956555, 15.775373329783971], [119.9955886597921, 15.77561596029094], [119.99588369966641, 15.775688239772522], [119.99598563022045, 15.77581212984395], [119.99633967952059, 15.775997979736783], [119.99650061017272, 15.77605992973797], [119.99672055025069, 15.77605476004912], [119.99686003018465, 15.775920540226911], [119.99695122035155, 15.77562628988206], [119.9967527403195, 15.775363009970237], [119.9965381595527, 15.775316549657665], [119.99633967952059, 15.77520297968674], [119.99650061017272, 15.774919040383505], [119.99652207021859, 15.774521540006456], [119.99649524982512, 15.774335700384064], [119.99665618047725, 15.774170499621553], [119.99739647018282, 15.773907219925123], [119.99785243967285, 15.773871079676937], [119.99879121977469, 15.773602629917908], [119.99964415969302, 15.77313801979933], [119.99985874045984, 15.772952170020885], [119.99999284968206, 15.772719859862255], [120.00022888013052, 15.77248754996306], [120.00040053976916, 15.771981630385564], [120.00047028025433, 15.77157379972184], [120.00008940952429, 15.771506679853571], [120.00000894005255, 15.771320829905191], [119.99996065961324, 15.770685850005039], [120.00004113012137, 15.77027800967583], [120.00004113012137, 15.769756599893913], [119.99991774988568, 15.769240350359842], [119.99998748000671, 15.768997710201385], [119.9999713896362, 15.768512429919662], [119.99982119004343, 15.768068449728478]]], [[[120.00281185046944, 15.79996020028259], [120.0026938295449, 15.799924060386267], [120.00242024971647, 15.799949870295587], [120.0023317303956, 15.79988534959745], [120.00225127025159, 15.799645330009342], [120.00200718995399, 15.799616940290244], [120.00138222959858, 15.799407889729832], [120.0006875401585, 15.799433700388825], [120.00038980974622, 15.799555000356202], [120.00016183018329, 15.799593710269589], [119.99994457027913, 15.799691780298819], [119.99969780047995, 15.799730500003703], [119.99946445020528, 15.79981824988307], [119.99947518022819, 15.799918899869683], [119.99953955000167, 15.800040200120515], [119.99985874045984, 15.800117629901441], [119.99998211965911, 15.800182149857939], [120.00032543997277, 15.800517659814515], [120.00058025029337, 15.800551210188925], [120.00085114994799, 15.800561540205834], [120.00094770979024, 15.800347329794779], [120.00152706988014, 15.800404099670544], [120.00238805964763, 15.80036797027679], [120.00252216990629, 15.800107309672617], [120.00281185046944, 15.79996020028259]]], [[[119.99046027989482, 15.746699519708125], [119.99033152998376, 15.746529140187807], [119.9903100699379, 15.746379409763662], [119.99047100991778, 15.746281310354142], [119.99078750983797, 15.746193539935213], [119.99100208024059, 15.745992179717632], [119.99164044975632, 15.745589450102749], [119.9918925799031, 15.745501679975222], [119.99227344959674, 15.745775329969469], [119.99224663023968, 15.745914730214835], [119.99203205050934, 15.746332939646733], [119.99203205050934, 15.74654462996902], [119.99217688975449, 15.746807949916638], [119.99258459020577, 15.747205509659599], [119.9935609103598, 15.747148710366183], [119.99374866036895, 15.747019630144365], [119.99396860977468, 15.7467872903402], [119.99431193008834, 15.746523980182163], [119.99404370957106, 15.745945709687055], [119.99353945031395, 15.745243520024822], [119.99300837999112, 15.744913080181076], [119.99266505034976, 15.744938900351594], [119.99239146948486, 15.744706559612895], [119.99233246005899, 15.744500030299578], [119.99244511027177, 15.744262530100483], [119.992579219494, 15.744128280329512], [119.99293326983059, 15.744133450039211], [119.99396324009935, 15.74425736038758], [119.99494492992876, 15.744401930147538], [119.99525069982603, 15.744479379901714], [119.99548673960224, 15.744267690050147], [119.99537944973709, 15.74380817026662], [119.9953955401076, 15.743374460082398], [119.99534190035709, 15.743219570373773], [119.9952024204231, 15.743007869597664], [119.99450504977285, 15.74286846966943], [119.99423683029197, 15.742760039883404], [119.99293863950594, 15.742032029750403], [119.99263286960868, 15.742011379597058], [119.99238074049836, 15.741835830188572], [119.99233246005899, 15.741649949767364], [119.99217688975449, 15.741324669802571], [119.99217420958071, 15.741154280031374], [119.99208837976136, 15.740743799630835], [119.99195962985033, 15.7404340095935], [119.991903309926, 15.740333329801766], [119.99166458997598, 15.740191340347373], [119.99154388991407, 15.740067420212155], [119.99135345040338, 15.739969319705523], [119.99093503029336, 15.739977060284225], [119.99007403948944, 15.740441750189467], [119.98956441988472, 15.740596650037931], [119.98888581977877, 15.740622469673733], [119.98858809040293, 15.740542439796755], [119.98824745026305, 15.740545019725532], [119.9880570200801, 15.740648280363125], [119.98802751018509, 15.740810929924363], [119.98793363984439, 15.740816089788565], [119.98769760006815, 15.74066634963753], [119.98744816045937, 15.740681839796602], [119.98708606027364, 15.740335909727944], [119.98672664026167, 15.740062249789704], [119.98595148031352, 15.740072580057966], [119.9858441904483, 15.740106140212362], [119.98557328975723, 15.740271370089555], [119.98549014011172, 15.740263619736725], [119.98539626977104, 15.740173259723747], [119.98536944004982, 15.740064840289312], [119.98556255973432, 15.739649189994578], [119.98555720042312, 15.739419430185427], [119.9857530002814, 15.739189660052762], [119.98547136956738, 15.738990870239059], [119.9854365003612, 15.73891858966377], [119.9854204099907, 15.738580390030355], [119.98532385014845, 15.738211210177488], [119.98523264961734, 15.73816216035512], [119.98510927041808, 15.73817765032814], [119.98498052050702, 15.738283500270622], [119.98485446009751, 15.738464220324767], [119.98481154000578, 15.738616529849434], [119.98459696960319, 15.738861790187864], [119.98449504008558, 15.739114789734325], [119.98428583003057, 15.739171590092761], [119.98387277026809, 15.739171590092756], [119.98369037957012, 15.739114789734328], [119.98317002994249, 15.739042509929687], [119.98296618023508, 15.73906315978893], [119.98280524958298, 15.739192239964787], [119.9826174995738, 15.739445239912262], [119.98257457948209, 15.739755039870593], [119.98260676955084, 15.740033860063996], [119.98249947968571, 15.740131959787414], [119.98237072977463, 15.740498550095849], [119.98256922017089, 15.74110781026587], [119.98237072977463, 15.741469239969147], [119.98294472951693, 15.742197249763688], [119.98339533969582, 15.743069830123323], [119.98345435015807, 15.743493210048905], [119.98345971050564, 15.743777190298534], [119.9832880498306, 15.744019859651434], [119.98314856989664, 15.744345139754424], [119.98266578001315, 15.745052489613093], [119.98276770020297, 15.74525384973627], [119.98279451956007, 15.745775329969469], [119.98236537046346, 15.746498159815241], [119.98236537046346, 15.746802780140591], [119.98227416993238, 15.747277789854321], [119.98229562997825, 15.747535940120594], [119.98240828951882, 15.747773439982396], [119.98244583993517, 15.747985130140922], [119.98242437988931, 15.748496270250701], [119.98260676955084, 15.748893829960593], [119.98278916024887, 15.749059039955306], [119.98290718013696, 15.749250079735761], [119.98239755949585, 15.749900620165658], [119.98205959952976, 15.750045180009272], [119.98151242950871, 15.749787029888445], [119.98114228051024, 15.749694100349425], [119.98069704000672, 15.749905780254924], [119.98024642050014, 15.749317199751326], [119.98005331014339, 15.749306869838431], [119.9797528995573, 15.749513390084436], [119.97942566961417, 15.749812849849313], [119.97903943024517, 15.75007616009563], [119.97881949016723, 15.749988389705338], [119.97841716042771, 15.749978059759167], [119.97825086010027, 15.75007100000214], [119.97761786025985, 15.750076160095633], [119.97694194032769, 15.749890290223837], [119.97680246972148, 15.749957409632033], [119.97658788999111, 15.750318819698158], [119.97665763047632, 15.750618270043502], [119.97674346029564, 15.750778330244783], [119.97696340037356, 15.750840280062834], [119.9770975095958, 15.750938379991686], [119.97716188040566, 15.75109842986158], [119.97717261042862, 15.751315280268344], [119.976958040026, 15.751573429842084], [119.9772369895298, 15.751702499867074], [119.9773442700672, 15.751929670367725], [119.97744619958482, 15.75205875037719], [119.9776768696857, 15.752084560042249], [119.97788072042954, 15.752027769995959], [119.97798799993056, 15.75195031987673], [119.97828841051665, 15.751516630171446], [119.97860491043686, 15.751516630171446], [119.97871756997736, 15.751434029878714], [119.97868537990858, 15.751150060347891], [119.97863710050565, 15.751062290318771], [119.97915208045794, 15.751036479966746], [119.97949004042403, 15.751160390352183], [119.97995137958938, 15.751258479854435], [119.98032688997185, 15.751464999594255], [119.98033225964718, 15.751630219764492], [119.98071848968843, 15.752786719874859], [119.98091161040934, 15.752859000378745], [119.98117982989022, 15.752838349966005], [119.98134076987006, 15.752982910221062], [119.98151778985628, 15.753308179908535], [119.9817404204722, 15.752988080150494], [119.98228221978155, 15.752809950363098], [119.98257190034468, 15.752869329654132], [119.98258263036765, 15.753499209753862], [119.98296350006129, 15.753881260206315], [119.98313515969987, 15.753987100225611], [119.98334706029289, 15.754051640044217], [119.98392104967103, 15.75401549998902], [119.98413295026398, 15.754185870172897], [119.98416512996866, 15.7544827402808], [119.9841007601952, 15.754552439643735], [119.98398274030708, 15.754658280004122], [119.98385399972379, 15.75471248984978], [119.98358846041673, 15.754725400135088], [119.98344898048273, 15.754810580211204], [119.983282689483, 15.755066149940278], [119.98327999998149, 15.755249429674155], [119.98333633026992, 15.755399150200827], [119.9834516596201, 15.755538550377102], [119.98360722992462, 15.755649549842918], [119.98404711008054, 15.755649549842918], [119.98425095978794, 15.755443039786018], [119.9842456004768, 15.755171989748096], [119.98430460990262, 15.755097120195895], [119.98441726011538, 15.75510487028686], [119.98447089986593, 15.755166819764469], [119.98453259050198, 15.755133259625143], [119.9845728304199, 15.754988700318492], [119.9846747495733, 15.754916419889131], [119.98486519012044, 15.754988700318485], [119.9854338201874, 15.755030009709026], [119.98569935949449, 15.75515650013903], [119.98597026018557, 15.75522102974248], [119.98618483991594, 15.755329449740838], [119.98633503950867, 15.75547142998406], [119.98643160038735, 15.75576572017993], [119.98650133983615, 15.756147769908372], [119.98679637971047, 15.75702545017143], [119.98681783975636, 15.757371359946173], [119.98694121999203, 15.757531409877803], [119.98725771991225, 15.757706939966061], [119.98741329021678, 15.757392009994758], [119.98754202976362, 15.757237130205187], [119.98782634997923, 15.756989309600124], [119.98784781002509, 15.756834430110109], [119.98774588050749, 15.75660209969976], [119.98771906011402, 15.75617358008016], [119.98763055012091, 15.755850899867923], [119.987756609494, 15.755768300297214], [119.98784511948712, 15.755659880070368], [119.98789608010026, 15.755396570088124], [119.98809724963387, 15.755117779782852], [119.9881508904208, 15.755055819742278], [119.988258180286, 15.755017100218486], [119.988258180286, 15.754903520169526], [119.98818575962697, 15.75471765005826], [119.98808384047355, 15.75460149006975], [119.98808651961096, 15.754240079895588], [119.98800873964076, 15.753919980332606], [119.98807311045064, 15.753465649883255], [119.98818845016496, 15.75305777982688], [119.98837888034791, 15.752838349966002], [119.98845398014429, 15.752791880035621], [119.9884647101672, 15.752613760179809], [119.98841912026583, 15.752440799814742], [119.98843253046257, 15.752030350066946], [119.98837888034791, 15.751991630291936], [119.98820721967287, 15.751950319876727], [119.98809457049651, 15.751978720176075], [119.9879711902608, 15.7522084702375], [119.98783708000214, 15.752355619894152], [119.98775125018284, 15.752360780044247], [119.98757690000625, 15.752319470369484], [119.98757958018005, 15.752229119774139], [119.98781561995627, 15.751999369689944], [119.98778611006125, 15.751903859908227], [119.98769491989435, 15.751880619757282], [119.98745619994433, 15.751973560035445], [119.9873033201778, 15.75189094979779], [119.98722284966966, 15.75179802013385], [119.98725503973844, 15.751640549792587], [119.98743205972467, 15.75133077040539], [119.98749912003606, 15.75107777962338], [119.98779147973661, 15.75076542020411], [119.98779952958579, 15.750582129770363], [119.98770028024197, 15.750360120026139], [119.98761177024886, 15.750280100241284], [119.98791217979851, 15.749998709888366], [119.98823404006635, 15.749820589980022], [119.98844861979669, 15.749616650284196], [119.98846202999341, 15.749554690252742], [119.98837620017412, 15.749448850044649], [119.98783708000214, 15.749867060061183], [119.98777001969074, 15.749779289758983], [119.98777001969074, 15.749678610334081], [119.98768687004521, 15.749583090225475], [119.98753934958984, 15.749603740315518], [119.98733819042037, 15.749836080005924], [119.9870726500769, 15.74989029022384], [119.98690902992325, 15.749890290223844], [119.98679369953665, 15.749825750067307], [119.98673737028462, 15.749704419704237], [119.98678029037633, 15.749585670266173], [119.9871557997224, 15.74920360979221], [119.98726844993519, 15.749017739885238], [119.98740256019381, 15.748919640047179], [119.98799800961784, 15.748790570119091], [119.9882501397646, 15.748780240232318], [119.98889386962794, 15.749017739885241], [119.98967170974993, 15.749198449720325], [119.99012231992876, 15.749492740003342], [119.99024570016445, 15.749616650284192], [119.9904173598031, 15.74860985982416], [119.99036908040017, 15.74792834039853], [119.99040127046898, 15.747246810184066], [119.99051391964537, 15.747055780376686], [119.99046027989482, 15.746699519708125]]]]}}]}